timestamp,pair,canonicalSignal,canonicalSetupTag,canonicalBlockReason,b0IntentState,shouldExecute,v4QualityScore,v4Threshold,v4Accepted,v4RejectReason,impulseScore,retracementScore,structureScore,reclaimScore,resumptionScore,sizingApproved,sizingBlockCode,sizingRiskUsd,sizingNotionalUsd,sizingStopPrice,sizingStopDistanceUsd,decision,blockReason,intentSetupTag,intentSignalId,intentCreatedAt,evaluationReason,regime,direction,macroBias,adx,atrPct,volatility,spreadPct,volumeRatio,dataHealth
2026-09-21T01:12:33.951Z,ETH/USD,BUY,BREAKOUT_RETEST,,APPROVED,true,,,,,,,,,,,,,,,,BUY_ALLOWED,"Intent approved: price 0.11 ATR from origin, regime stable",BREAKOUT_RETEST,intent-ETH/USD-muajw6so-ykudki,2026-09-21T01:12:36.456Z,"Intent approved: price 0.11 ATR from origin, regime stable",TREND,BULLISH,BULLISH,32.157062011945825,0.8604312648416607,NORMAL,0.00037198990420211995,1.196648295648463,GOOD
2026-09-21T01:13:26.452Z,ETH/USD,BUY,BREAKOUT_RETEST,,APPROVED,true,,,,,,,,,,,,,,,,BUY_ALLOWED,"Intent approved: price 0.07 ATR from origin, regime stable",BREAKOUT_RETEST,intent-ETH/USD-muajw6so-ykudki,2026-09-21T01:12:36.456Z,"Intent approved: price 0.07 ATR from origin, regime stable",TREND,BULLISH,BULLISH,32.157062011945825,0.8604312648416607,NORMAL,0.0026036775085098857,1.196648295648463,GOOD
2026-09-21T01:14:26.490Z,ETH/USD,BUY,BREAKOUT_RETEST,,APPROVED,true,,,,,,,,,,,,,,,,BUY_ALLOWED,"Intent approved: price 0.16 ATR from origin, regime stable",BREAKOUT_RETEST,intent-ETH/USD-muajw6so-ykudki,2026-09-21T01:12:36.456Z,"Intent approved: price 0.16 ATR from origin, regime stable",TREND,BULLISH,BULLISH,32.157062011945825,0.8604312648416607,NORMAL,0.00037212694739495423,1.196648295648463,GOOD
2026-09-21T08:11:23.945Z,SOL/USD,BUY,PULLBACK_CONTINUATION,,CHASED,false,,,,,,,,,,,,,,,,BUY_BLOCKED,"Chase: precio movió 1.06 ATR, actualizando origen",PULLBACK_CONTINUATION,intent-SOL/USD-muayutzt-2gvj4l,2026-09-21T08:11:27.449Z,"Chase: precio movió 1.06 ATR, actualizando origen",TREND,BULLISH,BULLISH,28.907061006700587,1.0762074678220985,NORMAL,0.017758835020419125,0.8544098640339246,GOOD
2026-09-21T08:12:19.456Z,SOL/USD,BUY,PULLBACK_CONTINUATION,,CHASED,false,,,,,,,,,,,,,,,,BUY_BLOCKED,"Chase: precio movió 1.33 ATR, actualizando origen",PULLBACK_CONTINUATION,intent-SOL/USD-muayutzt-2gvj4l,2026-09-21T08:11:27.449Z,"Chase: precio movió 1.33 ATR, actualizando origen",TREND,BULLISH,BULLISH,28.907061006700587,1.0762074678220985,NORMAL,0.008866427273134829,0.8544098640339246,GOOD
2026-09-21T08:13:19.450Z,SOL/USD,BUY,PULLBACK_CONTINUATION,,CHASED,false,,,,,,,,,,,,,,,,BUY_BLOCKED,"Chase: precio movió 1.44 ATR, actualizando origen",PULLBACK_CONTINUATION,intent-SOL/USD-muayutzt-2gvj4l,2026-09-21T08:11:27.449Z,"Chase: precio movió 1.44 ATR, actualizando origen",TREND,BULLISH,BULLISH,28.907061006700587,1.0762074678220985,NORMAL,0.00886171296910887,0.8544098640339246,GOOD
2026-09-21T08:14:17.841Z,SOL/USD,BUY,PULLBACK_CONTINUATION,,CHASED,false,,,,,,,,,,,,,,,,BUY_BLOCKED,"Chase: precio movió 1.31 ATR, actualizando origen",PULLBACK_CONTINUATION,intent-SOL/USD-muayyk60-9ab22x,2026-09-21T08:14:21.336Z,"Chase: precio movió 1.31 ATR, actualizando origen",TREND,BULLISH,BULLISH,28.907061006700587,1.0762074678220985,NORMAL,0.01773049645389718,0.8544098640339246,GOOD
2026-09-21T08:15:12.848Z,SOL/USD,BUY,PULLBACK_CONTINUATION,,CHASED,false,,,,,,,,,,,,,,,,BUY_BLOCKED,"Chase: precio movió 1.46 ATR, actualizando origen",PULLBACK_CONTINUATION,intent-SOL/USD-muayyk60-9ab22x,2026-09-21T08:14:21.336Z,"Chase: precio movió 1.46 ATR, actualizando origen",TREND,BULLISH,BULLISH,28.907061006700587,1.0762074678220985,NORMAL,0.00885935769655894,0.8579782450219703,GOOD
2026-09-21T08:16:12.858Z,SOL/USD,BUY,PULLBACK_CONTINUATION,,CHASED,false,,,,,,,,,,,,,,,,BUY_BLOCKED,"Chase: precio movió 1.09 ATR, actualizando origen",PULLBACK_CONTINUATION,intent-SOL/USD-muayyk60-9ab22x,2026-09-21T08:14:21.336Z,"Chase: precio movió 1.09 ATR, actualizando origen",TREND,BULLISH,BULLISH,28.907061006700587,1.0762074678220985,NORMAL,0.00887350814144826,0.8579782450219703,GOOD
2026-09-21T08:17:14.825Z,SOL/USD,BUY,PULLBACK_CONTINUATION,,APPROVED,true,,,,,,,,,,,,,,,,BUY_ALLOWED,"Intent approved: price 0.24 ATR from origin, regime stable",PULLBACK_CONTINUATION,intent-SOL/USD-muaz2cqa-85xmu2,2026-09-21T08:17:18.322Z,"Intent approved: price 0.24 ATR from origin, regime stable",TREND,BULLISH,BULLISH,28.907061006700587,1.0762074678220985,NORMAL,0.008870359693077487,0.8812789848731136,GOOD
2026-09-21T08:18:10.340Z,SOL/USD,BUY,PULLBACK_CONTINUATION,,APPROVED,true,,,,,,,,,,,,,,,,BUY_ALLOWED,"Intent approved: price 0.04 ATR from origin, regime stable",PULLBACK_CONTINUATION,intent-SOL/USD-muaz2cqa-85xmu2,2026-09-21T08:17:18.322Z,"Intent approved: price 0.04 ATR from origin, regime stable",TREND,BULLISH,BULLISH,28.907061006700587,1.0762074678220985,NORMAL,0.00886171296910887,0.8812789848731136,GOOD
2026-09-21T08:19:10.357Z,SOL/USD,BUY,PULLBACK_CONTINUATION,,APPROVED,true,,,,,,,,,,,,,,,,BUY_ALLOWED,"Intent approved: price 0.04 ATR from origin, regime stable",PULLBACK_CONTINUATION,intent-SOL/USD-muaz2cqa-85xmu2,2026-09-21T08:17:18.322Z,"Intent approved: price 0.04 ATR from origin, regime stable",TREND,BULLISH,BULLISH,28.907061006700587,1.0762074678220985,NORMAL,0.008863283846669725,0.8812789848731136,GOOD
2026-09-21T08:25:01.546Z,SOL/USD,BUY,PULLBACK_CONTINUATION,,EXECUTED,true,,,,,,,,,,true,,50,2345.766725873296,110.78714285714285,2.412857142857145,BUY_EXECUTED,"Intent approved: price 0.62 ATR from origin, regime stable",PULLBACK_CONTINUATION,intent-SOL/USD-muazca62-en3oua,2026-09-21T08:25:01.562Z,"Intent approved: price 0.62 ATR from origin, regime stable",TREND,BULLISH,BULLISH,28.907061006700587,1.0762074678220985,NORMAL,0.008833532087797275,1.0635042835804072,GOOD
2026-09-21T08:26:02.892Z,SOL/USD,BUY,PULLBACK_CONTINUATION,,CHASED,false,,,,,,,,,,,,,,,,BUY_BLOCKED,"Chase: precio movió 0.88 ATR, actualizando origen",PULLBACK_CONTINUATION,intent-SOL/USD-muazdlhz-9ob4g0,2026-09-21T08:26:02.903Z,"Chase: precio movió 0.88 ATR, actualizando origen",TREND,BULLISH,BULLISH,28.907061006700587,1.0762074678220985,NORMAL,0.008824956978326704,1.2535878198466894,GOOD
2026-09-21T08:26:55.892Z,SOL/USD,BUY,PULLBACK_CONTINUATION,,CHASED,false,,,,,,,,,,,,,,,,BUY_BLOCKED,"Chase: precio movió 0.93 ATR, actualizando origen",PULLBACK_CONTINUATION,intent-SOL/USD-muazdlhz-9ob4g0,2026-09-21T08:26:02.903Z,"Chase: precio movió 0.93 ATR, actualizando origen",TREND,BULLISH,BULLISH,28.907061006700587,1.0762074678220985,NORMAL,0.008821842882982768,1.2535878198466894,GOOD
2026-09-21T08:27:55.904Z,SOL/USD,BUY,PULLBACK_CONTINUATION,,CHASED,false,,,,,,,,,,,,,,,,BUY_BLOCKED,"Chase: precio movió 0.95 ATR, actualizando origen",PULLBACK_CONTINUATION,intent-SOL/USD-muazdlhz-9ob4g0,2026-09-21T08:26:02.903Z,"Chase: precio movió 0.95 ATR, actualizando origen",TREND,BULLISH,BULLISH,28.907061006700587,1.0762074678220985,NORMAL,0.008820286659308405,1.2535878198466894,GOOD
2026-09-21T08:28:55.177Z,SOL/USD,BUY,PULLBACK_CONTINUATION,,CHASED,false,,,,,,,,,,,,,,,,BUY_BLOCKED,"Chase: precio movió 1.15 ATR, actualizando origen",PULLBACK_CONTINUATION,intent-SOL/USD-muazhafl-dapnod,2026-09-21T08:28:55.185Z,"Chase: precio movió 1.15 ATR, actualizando origen",TREND,BULLISH,BULLISH,28.907061006700587,1.0762074678220985,NORMAL,0.008811737233987668,1.2535878198466894,GOOD
2026-09-21T08:29:48.191Z,SOL/USD,BUY,PULLBACK_CONTINUATION,,CHASED,false,,,,,,,,,,,,,,,,BUY_BLOCKED,"Chase: precio movió 1.21 ATR, actualizando origen",PULLBACK_CONTINUATION,intent-SOL/USD-muazhafl-dapnod,2026-09-21T08:28:55.185Z,"Chase: precio movió 1.21 ATR, actualizando origen",TREND,BULLISH,BULLISH,28.907061006700587,1.0762074678220985,NORMAL,0.00881018457337132,1.2535878198466894,GOOD
2026-09-21T08:30:48.201Z,SOL/USD,BUY,PULLBACK_CONTINUATION,,CHASED,false,,,,,,,,,,,,,,,,BUY_BLOCKED,"Chase: precio movió 1.08 ATR, actualizando origen",PULLBACK_CONTINUATION,intent-SOL/USD-muazhafl-dapnod,2026-09-21T08:28:55.185Z,"Chase: precio movió 1.08 ATR, actualizando origen",TREND,BULLISH,BULLISH,28.907061006700587,1.0762074678220985,NORMAL,0.008814844197633318,1.5330116786670929,GOOD
2026-09-21T11:05:26.759Z,XRP/USD,BUY,BREAKOUT_RETEST,,EXECUTED,true,,,,,,,,,,true,,50,1904.1347626339973,1.4529,0.03917999999999999,BUY_EXECUTED,"Intent approved: price 0.17 ATR from origin, regime stable",BREAKOUT_RETEST,intent-XRP/USD-mub52mxi-mmeibv,2026-09-21T11:05:29.238Z,"Intent approved: price 0.17 ATR from origin, regime stable",TREND,BULLISH,BULLISH,36.93966517713234,1.314588645819353,HIGH,0.003351172742908451,0.7312595176930355,GOOD
2026-09-21T11:06:24.685Z,XRP/USD,BUY,BREAKOUT_RETEST,,EXECUTED,true,,,,,,,,,,true,,50,1907.5421133231243,1.45557,0.03917999999999999,BUY_EXECUTED,"Intent approved: price 0.41 ATR from origin, regime stable",BREAKOUT_RETEST,intent-XRP/USD-mub53ts7-sfwses,2026-09-21T11:06:24.775Z,"Intent approved: price 0.41 ATR from origin, regime stable",TREND,BULLISH,BULLISH,36.93966517713234,1.314588645819353,HIGH,0.008697252002874339,0.7312595176930355,GOOD
2026-09-21T11:07:24.701Z,XRP/USD,BUY,BREAKOUT_RETEST,,APPROVED,true,,,,,,,,,,false,MAX_LOTS_REACHED,0,0,0,0,BUY_ALLOWED,MAX_LOTS_REACHED,BREAKOUT_RETEST,intent-XRP/USD-mub5543j-6f74mf,2026-09-21T11:07:24.799Z,"Intent approved: price 0.53 ATR from origin, regime stable",TREND,BULLISH,BULLISH,36.93966517713234,1.314588645819353,HIGH,0.012703294499148178,0.7312595176930355,GOOD
2026-09-21T11:08:27.976Z,XRP/USD,BUY,BREAKOUT_RETEST,,APPROVED,true,,,,,,,,,,false,MAX_LOTS_REACHED,0,0,0,0,BUY_ALLOWED,MAX_LOTS_REACHED,BREAKOUT_RETEST,intent-XRP/USD-mub56guo-f45x0q,2026-09-21T11:08:27.984Z,"Intent approved: price 0.30 ATR from origin, regime stable",TREND,BULLISH,BULLISH,36.93966517713234,1.314588645819353,HIGH,0.0006695210581154664,0.7312595176930355,GOOD
2026-09-21T11:09:23.409Z,XRP/USD,BUY,BREAKOUT_RETEST,,APPROVED,true,,,,,,,,,,false,MAX_LOTS_REACHED,0,0,0,0,BUY_ALLOWED,MAX_LOTS_REACHED,BREAKOUT_RETEST,intent-XRP/USD-mub56guo-f45x0q,2026-09-21T11:08:27.984Z,"Intent approved: price 0.39 ATR from origin, regime stable",TREND,BULLISH,BULLISH,36.93966517713234,1.314588645819353,HIGH,0.00802740019265078,0.7312595176930355,GOOD
2026-09-21T11:10:23.423Z,XRP/USD,BUY,BREAKOUT_RETEST,,APPROVED,true,,,,,,,,,,false,MAX_LOTS_REACHED,0,0,0,0,BUY_ALLOWED,MAX_LOTS_REACHED,BREAKOUT_RETEST,intent-XRP/USD-mub56guo-f45x0q,2026-09-21T11:08:27.984Z,"Intent approved: price 0.44 ATR from origin, regime stable",TREND,BULLISH,BULLISH,36.93966517713234,1.314588645819353,HIGH,0.010033948191387159,0.906083024130664,GOOD
2026-09-21T12:20:56.361Z,XRP/USD,BUY,PULLBACK_CONTINUATION,,APPROVED,true,,,,,,,,,,false,MAX_LOTS_REACHED,0,0,0,0,BUY_ALLOWED,MAX_LOTS_REACHED,PULLBACK_CONTINUATION,intent-XRP/USD-mub7ro35-4wtc5j,2026-09-21T12:20:56.369Z,"Intent approved: price 0.28 ATR from origin, regime stable",TREND,BULLISH,BULLISH,39.1961295439843,1.312918389612488,HIGH,0.0006714496261748195,1.0101212831934527,GOOD
2026-09-21T12:21:51.776Z,XRP/USD,BUY,PULLBACK_CONTINUATION,,APPROVED,true,,,,,,,,,,false,MAX_LOTS_REACHED,0,0,0,0,BUY_ALLOWED,MAX_LOTS_REACHED,PULLBACK_CONTINUATION,intent-XRP/USD-mub7ro35-4wtc5j,2026-09-21T12:20:56.369Z,"Intent approved: price 0.30 ATR from origin, regime stable",TREND,BULLISH,BULLISH,39.1961295439843,1.312918389612488,HIGH,0.01074626063711476,1.0101212831934527,GOOD
2026-09-21T12:22:51.789Z,XRP/USD,BUY,PULLBACK_CONTINUATION,,APPROVED,true,,,,,,,,,,false,MAX_LOTS_REACHED,0,0,0,0,BUY_ALLOWED,MAX_LOTS_REACHED,PULLBACK_CONTINUATION,intent-XRP/USD-mub7ro35-4wtc5j,2026-09-21T12:20:56.369Z,"Intent approved: price 0.19 ATR from origin, regime stable",TREND,BULLISH,BULLISH,39.1961295439843,1.312918389612488,HIGH,0.0006718104956997754,1.0101212831934527,GOOD
2026-09-21T12:23:57.566Z,XRP/USD,BUY,PULLBACK_CONTINUATION,,APPROVED,true,,,,,,,,,,false,MAX_LOTS_REACHED,0,0,0,0,BUY_ALLOWED,MAX_LOTS_REACHED,PULLBACK_CONTINUATION,intent-XRP/USD-mub7vjwt-5abwq8,2026-09-21T12:23:57.581Z,"Intent approved: price 0.20 ATR from origin, regime stable",TREND,BULLISH,BULLISH,39.1961295439843,1.312918389612488,HIGH,0.0006718601455964951,1.0101212831934527,GOOD
2026-09-21T12:24:52.996Z,XRP/USD,BUY,PULLBACK_CONTINUATION,,APPROVED,true,,,,,,,,,,false,MAX_LOTS_REACHED,0,0,0,0,BUY_ALLOWED,MAX_LOTS_REACHED,PULLBACK_CONTINUATION,intent-XRP/USD-mub7vjwt-5abwq8,2026-09-21T12:23:57.581Z,"Intent approved: price 0.34 ATR from origin, regime stable",TREND,BULLISH,BULLISH,39.1961295439843,1.312918389612488,HIGH,0.012751977395436301,1.0101212831934527,GOOD
2026-09-21T12:25:53.012Z,XRP/USD,BUY,PULLBACK_CONTINUATION,,APPROVED,true,,,,,,,,,,false,MAX_LOTS_REACHED,0,0,0,0,BUY_ALLOWED,MAX_LOTS_REACHED,PULLBACK_CONTINUATION,intent-XRP/USD-mub7vjwt-5abwq8,2026-09-21T12:23:57.581Z,"Intent approved: price 0.24 ATR from origin, regime stable",TREND,BULLISH,BULLISH,39.1961295439843,1.312918389612488,HIGH,0.000671602948341343,1.0509838669767726,GOOD
2026-09-21T13:00:11.110Z,ETH/USD,BUY,PULLBACK_CONTINUATION,,EXECUTED,true,,,,,,,,,,true,,50,2285.458167330682,2677.2485714285717,59.88142857142845,BUY_EXECUTED,"Intent approved: price 0.00 ATR from origin, regime stable",PULLBACK_CONTINUATION,intent-ETH/USD-mub9650u-sdy4ds,2026-09-21T13:00:11.118Z,"Intent approved: price 0.00 ATR from origin, regime stable",TREND,BULLISH,BULLISH,43.48068684402883,1.0938725703826353,NORMAL,0.00036536153436366007,1.0865406114768845,GOOD
2026-09-21T13:01:11.108Z,ETH/USD,BUY,PULLBACK_CONTINUATION,,APPROVED,true,,,,,,,,,,false,INSUFFICIENT_CAPITAL,50,2285.458167330682,2677.2485714285717,59.88142857142845,BUY_ALLOWED,INSUFFICIENT_CAPITAL,PULLBACK_CONTINUATION,intent-ETH/USD-mub97fbd-m2l8su,2026-09-21T13:01:11.113Z,"Intent approved: price 0.00 ATR from origin, regime stable",TREND,BULLISH,BULLISH,43.48068684402883,1.0938725703826353,NORMAL,0.00036536153436366007,1.0865406114768845,GOOD
2026-09-21T13:10:15.357Z,SOL/USD,BUY,PULLBACK_CONTINUATION,,APPROVED,true,,,,,,,,,,false,INSUFFICIENT_CAPITAL,50,2031.0737258782763,114.39285714285714,2.88714285714286,BUY_ALLOWED,INSUFFICIENT_CAPITAL,PULLBACK_CONTINUATION,intent-SOL/USD-mub9j414-lljjnr,2026-09-21T13:10:16.360Z,"Intent approved: price 0.74 ATR from origin, regime stable",TREND,BULLISH,BULLISH,40.696871740595334,1.23593444227006,HIGH,0.017051752067521547,1.2213837055952599,GOOD
2026-09-21T13:11:24.753Z,SOL/USD,BUY,PULLBACK_CONTINUATION,,APPROVED,true,,,,,,,,,,false,INSUFFICIENT_CAPITAL,50,2030.5541810984641,114.36285714285714,2.88714285714286,BUY_ALLOWED,INSUFFICIENT_CAPITAL,PULLBACK_CONTINUATION,intent-SOL/USD-mub9kkt2-4kzggi,2026-09-21T13:11:24.758Z,"Intent approved: price 0.69 ATR from origin, regime stable",TREND,BULLISH,BULLISH,40.696871740595334,1.23593444227006,HIGH,0.008528420962863091,1.2702245842393831,GOOD
2026-09-21T13:12:15.717Z,SOL/USD,BUY,PULLBACK_CONTINUATION,,APPROVED,true,,,,,,,,,,false,INSUFFICIENT_CAPITAL,50,2031.0737258782763,114.39285714285714,2.88714285714286,BUY_ALLOWED,INSUFFICIENT_CAPITAL,PULLBACK_CONTINUATION,intent-SOL/USD-mub9kkt2-4kzggi,2026-09-21T13:11:24.758Z,"Intent approved: price 0.74 ATR from origin, regime stable",TREND,BULLISH,BULLISH,40.696871740595334,1.23593444227006,HIGH,0.008526239502071976,1.2702245842393831,GOOD
2026-09-21T13:13:15.699Z,SOL/USD,BUY,PULLBACK_CONTINUATION,,APPROVED,true,,,,,,,,,,false,INSUFFICIENT_CAPITAL,50,2027.4369124195923,114.18285714285713,2.88714285714286,BUY_ALLOWED,INSUFFICIENT_CAPITAL,PULLBACK_CONTINUATION,intent-SOL/USD-mub9kkt2-4kzggi,2026-09-21T13:11:24.758Z,"Intent approved: price 0.42 ATR from origin, regime stable",TREND,BULLISH,BULLISH,40.696871740595334,1.23593444227006,HIGH,0.008544452514209523,1.2702245842393831,GOOD
2026-09-21T13:14:27.533Z,SOL/USD,BUY,PULLBACK_CONTINUATION,,APPROVED,true,,,,,,,,,,false,INSUFFICIENT_CAPITAL,50,2029.8614547253815,114.32285714285713,2.88714285714286,BUY_ALLOWED,INSUFFICIENT_CAPITAL,PULLBACK_CONTINUATION,intent-SOL/USD-mub9ohu9-tsbr00,2026-09-21T13:14:27.537Z,"Intent approved: price 0.63 ATR from origin, regime stable",TREND,BULLISH,BULLISH,40.696871740595334,1.23593444227006,HIGH,0.008529875890298038,1.2702245842393831,GOOD
2026-09-21T13:15:18.537Z,SOL/USD,BUY,PULLBACK_CONTINUATION,,APPROVED,true,,,,,,,,,,false,INSUFFICIENT_CAPITAL,50,2028.649183572487,114.25285714285714,2.88714285714286,BUY_ALLOWED,INSUFFICIENT_CAPITAL,PULLBACK_CONTINUATION,intent-SOL/USD-mub9ohu9-tsbr00,2026-09-21T13:14:27.537Z,"Intent approved: price 0.52 ATR from origin, regime stable",TREND,BULLISH,BULLISH,40.696871740595334,1.23593444227006,HIGH,0.01707504482198926,1.4051066193933903,GOOD
2026-09-21T13:16:18.530Z,SOL/USD,BUY,PULLBACK_CONTINUATION,,APPROVED,true,,,,,,,,,,false,INSUFFICIENT_CAPITAL,50,2026.571004453239,114.13285714285713,2.88714285714286,BUY_ALLOWED,INSUFFICIENT_CAPITAL,PULLBACK_CONTINUATION,intent-SOL/USD-mub9ohu9-tsbr00,2026-09-21T13:14:27.537Z,"Intent approved: price 0.34 ATR from origin, regime stable",TREND,BULLISH,BULLISH,40.696871740595334,1.23593444227006,HIGH,0.008545182653283585,1.4051066193933903,GOOD
2026-09-21T13:51:02.331Z,SOL/USD,BUY,BREAKOUT_RETEST,,CHASED,false,,,,,,,,,,,,,,,,BUY_BLOCKED,"Chase: precio movió 1.36 ATR, actualizando origen",BREAKOUT_RETEST,intent-SOL/USD-mubazjcy-tczndr,2026-09-21T13:51:02.338Z,"Chase: precio movió 1.36 ATR, actualizando origen",TREND,BULLISH,BULLISH,40.696871740595334,1.23593444227006,HIGH,0.008479966080140016,1.229320241796365,GOOD
2026-09-21T13:51:53.327Z,SOL/USD,BUY,BREAKOUT_RETEST,,INVALIDATED,false,,,,,,,,,,,,,,,,BUY_BLOCKED,Precio movió 1.51 ATR desde origen (max 1.5),BREAKOUT_RETEST,intent-SOL/USD-mubb0n3b-gwbvv2,2026-09-21T13:51:53.831Z,Precio movió 1.51 ATR desde origen (max 1.5),TREND,BULLISH,BULLISH,40.696871740595334,1.23593444227006,HIGH,0.016949152542381555,1.229320241796365,GOOD
2026-09-21T13:52:53.326Z,SOL/USD,BUY,BREAKOUT_RETEST,,INVALIDATED,false,,,,,,,,,,,,,,,,BUY_BLOCKED,Precio movió 1.89 ATR desde origen (max 1.5),BREAKOUT_RETEST,intent-SOL/USD-mubb1xrx-g6ucvs,2026-09-21T13:52:54.333Z,Precio movió 1.89 ATR desde origen (max 1.5),TREND,BULLISH,BULLISH,40.696871740595334,1.23593444227006,HIGH,0.00845487212006351,1.229320241796365,GOOD
2026-09-21T13:54:10.048Z,SOL/USD,BUY,BREAKOUT_RETEST,,CHASED,false,,,,,,,,,,,,,,,,BUY_BLOCKED,"Chase: precio movió 1.42 ATR, actualizando origen",BREAKOUT_RETEST,intent-SOL/USD-mubb3k78-tcss3x,2026-09-21T13:54:10.052Z,"Chase: precio movió 1.42 ATR, actualizando origen",TREND,BULLISH,BULLISH,40.696871740595334,1.23593444227006,HIGH,0.033889689062096114,1.229320241796365,GOOD
2026-09-21T13:55:01.049Z,SOL/USD,BUY,BREAKOUT_RETEST,,CHASED,false,,,,,,,,,,,,,,,,BUY_BLOCKED,"Chase: precio movió 1.15 ATR, actualizando origen",BREAKOUT_RETEST,intent-SOL/USD-mubb3k78-tcss3x,2026-09-21T13:54:10.052Z,"Chase: precio movió 1.15 ATR, actualizando origen",TREND,BULLISH,BULLISH,40.696871740595334,1.23593444227006,HIGH,0.00849148728399007,0.9358999180423315,GOOD
2026-09-21T13:56:01.043Z,SOL/USD,BUY,BREAKOUT_RETEST,,CHASED,false,,,,,,,,,,,,,,,,BUY_BLOCKED,"Chase: precio movió 1.30 ATR, actualizando origen",BREAKOUT_RETEST,intent-SOL/USD-mubb3k78-tcss3x,2026-09-21T13:54:10.052Z,"Chase: precio movió 1.30 ATR, actualizando origen",TREND,BULLISH,BULLISH,40.696871740595334,1.23593444227006,HIGH,0.008483563096492815,0.9358999180423315,GOOD
2026-09-21T14:35:47.845Z,XRP/USD,BUY,PULLBACK_CONTINUATION,,EXECUTED,true,,,,,,,,,,true,,50,1813.626445937523,1.4549414285714286,0.0412485714285714,BUY_EXECUTED,"Intent approved: price 0.68 ATR from origin, regime stable",PULLBACK_CONTINUATION,intent-XRP/USD-mubcl3kh-qefry3,2026-09-21T14:35:47.921Z,"Intent approved: price 0.68 ATR from origin, regime stable",TREND,BULLISH,BULLISH,41.633189378274416,1.3844961745825022,HIGH,0.036081785380194104,0.641092242640454,GOOD
2026-09-21T14:35:49.408Z,ETH/USD,BUY,PULLBACK_CONTINUATION,,EXECUTED,true,,,,,,,,,,true,,50,2237.8354725787676,2678.535714285714,61.21428571428559,BUY_EXECUTED,"Intent approved: price 0.50 ATR from origin, regime stable",PULLBACK_CONTINUATION,intent-ETH/USD-mubcl4px-rtt4k0,2026-09-21T14:35:49.413Z,"Intent approved: price 0.50 ATR from origin, regime stable",TREND,BULLISH,BULLISH,44.9946046770106,1.120598935940966,NORMAL,0.0003649694976821984,1.8331176242162395,GOOD
2026-09-21T14:36:59.022Z,XRP/USD,BUY,PULLBACK_CONTINUATION,,APPROVED,true,,,,,,,,,,false,INSUFFICIENT_CAPITAL,50,1813.9537299993087,1.4552114285714286,0.0412485714285714,BUY_ALLOWED,INSUFFICIENT_CAPITAL,PULLBACK_CONTINUATION,intent-XRP/USD-mubcmmfp-kfxm2w,2026-09-21T14:36:59.029Z,"Intent approved: price 0.71 ATR from origin, regime stable",TREND,BULLISH,BULLISH,41.633189378274416,1.3844961745825022,HIGH,0.0006682459545955921,0.6506742973790466,GOOD
2026-09-21T14:37:01.478Z,ETH/USD,BUY,PULLBACK_CONTINUATION,,CHASED,false,,,,,,,,,,,,,,,,BUY_BLOCKED,"Chase: precio movió 0.87 ATR, actualizando origen",PULLBACK_CONTINUATION,intent-ETH/USD-mubcmobx-6n0mq6,2026-09-21T14:37:01.485Z,"Chase: precio movió 0.87 ATR, actualizando origen",TREND,BULLISH,BULLISH,44.9946046770106,1.120598935940966,NORMAL,0.011657983897415706,1.8376111323908748,GOOD
2026-09-21T14:37:01.487Z,BTC/USD,BUY,BREAKOUT_RETEST,,APPROVED,true,,,,,,,,,,false,INSUFFICIENT_CAPITAL,50,2696.7888756356365,84321.40000000001,1592.8999999999983,BUY_ALLOWED,INSUFFICIENT_CAPITAL,BREAKOUT_RETEST,intent-BTC/USD-mubcmqnv-r2h1eu,2026-09-21T14:37:04.507Z,"Intent approved: price 0.57 ATR from origin, regime stable",TREND,BULLISH,BULLISH,41.07597732625135,0.9320317226642441,HIGH,0.00011639607489833764,0.8096417033129305,GOOD
2026-09-21T14:37:51.897Z,XRP/USD,BUY,PULLBACK_CONTINUATION,,CHASED,false,,,,,,,,,,,,,,,,BUY_BLOCKED,"Chase: precio movió 0.93 ATR, actualizando origen",PULLBACK_CONTINUATION,intent-XRP/USD-mubcmmfp-kfxm2w,2026-09-21T14:36:59.029Z,"Chase: precio movió 0.93 ATR, actualizando origen",TREND,BULLISH,BULLISH,41.633189378274416,1.3844961745825022,HIGH,0.0006672338153993207,0.6506742973790466,GOOD
2026-09-21T14:37:53.465Z,ETH/USD,BUY,PULLBACK_CONTINUATION,,APPROVED,true,,,,,,,,,,false,MAX_LOTS_REACHED,0,0,0,0,BUY_ALLOWED,MAX_LOTS_REACHED,PULLBACK_CONTINUATION,intent-ETH/USD-mubcmobx-6n0mq6,2026-09-21T14:37:01.485Z,"Intent approved: price 0.59 ATR from origin, regime stable",TREND,BULLISH,BULLISH,44.9946046770106,1.120598935940966,NORMAL,0.016418773590578473,1.8376111323908748,GOOD
2026-09-21T14:37:53.476Z,BTC/USD,BUY,BREAKOUT_RETEST,,APPROVED,true,,,,,,,,,,false,INSUFFICIENT_CAPITAL,50,2698.370895850339,84371.8,1592.8999999999983,BUY_ALLOWED,INSUFFICIENT_CAPITAL,BREAKOUT_RETEST,intent-BTC/USD-mubcmqnv-r2h1eu,2026-09-21T14:37:04.507Z,"Intent approved: price 0.71 ATR from origin, regime stable",TREND,BULLISH,BULLISH,41.07597732625135,0.9320317226642441,HIGH,0.00011632688551778999,0.8096417033129305,GOOD
2026-09-21T14:38:51.897Z,XRP/USD,BUY,PULLBACK_CONTINUATION,,CHASED,false,,,,,,,,,,,,,,,,BUY_BLOCKED,"Chase: precio movió 0.92 ATR, actualizando origen",PULLBACK_CONTINUATION,intent-XRP/USD-mubcmmfp-kfxm2w,2026-09-21T14:36:59.029Z,"Chase: precio movió 0.92 ATR, actualizando origen",TREND,BULLISH,BULLISH,41.633189378274416,1.3844961745825022,HIGH,0.04071267198601082,0.6506742973790466,GOOD
2026-09-21T14:38:53.458Z,ETH/USD,BUY,PULLBACK_CONTINUATION,,APPROVED,true,,,,,,,,,,false,MAX_LOTS_REACHED,0,0,0,0,BUY_ALLOWED,MAX_LOTS_REACHED,PULLBACK_CONTINUATION,intent-ETH/USD-mubcmobx-6n0mq6,2026-09-21T14:37:01.485Z,"Intent approved: price 0.48 ATR from origin, regime stable",TREND,BULLISH,BULLISH,44.9946046770106,1.120598935940966,NORMAL,0.00036508275514148886,1.8376111323908748,GOOD
2026-09-21T14:38:53.468Z,BTC/USD,BUY,BREAKOUT_RETEST,,APPROVED,true,,,,,,,,,,false,INSUFFICIENT_CAPITAL,50,2696.4781216648908,84311.5,1592.8999999999983,BUY_ALLOWED,INSUFFICIENT_CAPITAL,BREAKOUT_RETEST,intent-BTC/USD-mubcmqnv-r2h1eu,2026-09-21T14:37:04.507Z,"Intent approved: price 0.55 ATR from origin, regime stable",TREND,BULLISH,BULLISH,41.07597732625135,0.9320317226642441,HIGH,0.0001164085404188133,0.8096417033129305,GOOD
2026-09-21T15:05:40.946Z,SOL/USD,BUY,PULLBACK_CONTINUATION,,APPROVED,true,,,,,,,,,,false,INSUFFICIENT_CAPITAL,50,1987.3563218390807,115.57714285714286,2.982857142857142,BUY_ALLOWED,INSUFFICIENT_CAPITAL,PULLBACK_CONTINUATION,intent-SOL/USD-mubdnj3t-61npsx,2026-09-21T15:05:40.985Z,"Intent approved: price 0.59 ATR from origin, regime stable",TREND,BULLISH,BULLISH,45.415434834321566,1.2638154151585212,HIGH,0.00843632682330545,0.7024146148402549,GOOD
2026-09-21T15:05:41.464Z,ETH/USD,BUY,PULLBACK_CONTINUATION,,APPROVED,true,,,,,,,,,,,,,,,,BUY_ALLOWED,"Intent approved: price 0.16 ATR from origin, regime stable",PULLBACK_CONTINUATION,intent-ETH/USD-mubdnjhq-mt360k,2026-09-21T15:05:41.486Z,"Intent approved: price 0.16 ATR from origin, regime stable",TREND,BULLISH,BULLISH,46.61918904057874,1.0755059976276773,NORMAL,0.00036507609097563055,1.0311991134795662,GOOD
2026-09-21T15:06:12.437Z,SOL/USD,BUY,PULLBACK_CONTINUATION,,APPROVED,true,,,,,,,,,,false,INSUFFICIENT_CAPITAL,50,1985.6800766283527,115.47714285714285,2.982857142857142,BUY_ALLOWED,INSUFFICIENT_CAPITAL,PULLBACK_CONTINUATION,intent-SOL/USD-mubdo7dm-qowfvr,2026-09-21T15:06:12.442Z,"Intent approved: price 0.48 ATR from origin, regime stable",TREND,BULLISH,BULLISH,45.415434834321566,1.2638154151585212,HIGH,0.008446302631027589,0.7478132115634641,GOOD
2026-09-21T15:06:12.452Z,ETH/USD,BUY,PULLBACK_CONTINUATION,,APPROVED,true,,,,,,,,,,,,,,,,BUY_ALLOWED,"Intent approved: price 0.17 ATR from origin, regime stable",PULLBACK_CONTINUATION,intent-ETH/USD-mubdo7e1-b7zjkg,2026-09-21T15:06:12.457Z,"Intent approved: price 0.17 ATR from origin, regime stable",TREND,BULLISH,BULLISH,46.61918904057874,1.0755059976276773,NORMAL,0.0018253737909246762,1.0394599270826477,GOOD
2026-09-21T15:07:03.448Z,SOL/USD,BUY,PULLBACK_CONTINUATION,,APPROVED,true,,,,,,,,,,false,INSUFFICIENT_CAPITAL,50,1985.0095785440617,115.43714285714286,2.982857142857142,BUY_ALLOWED,INSUFFICIENT_CAPITAL,PULLBACK_CONTINUATION,intent-SOL/USD-mubdo7dm-qowfvr,2026-09-21T15:06:12.442Z,"Intent approved: price 0.44 ATR from origin, regime stable",TREND,BULLISH,BULLISH,45.415434834321566,1.2638154151585212,HIGH,0.008443449993659733,0.7478132115634641,GOOD
2026-09-21T15:07:03.949Z,ETH/USD,BUY,PULLBACK_CONTINUATION,,APPROVED,true,,,,,,,,,,,,,,,,BUY_ALLOWED,"Intent approved: price 0.14 ATR from origin, regime stable",PULLBACK_CONTINUATION,intent-ETH/USD-mubdo7e1-b7zjkg,2026-09-21T15:06:12.457Z,"Intent approved: price 0.14 ATR from origin, regime stable",TREND,BULLISH,BULLISH,46.61918904057874,1.0755059976276773,NORMAL,0.0003651174126233332,1.0394599270826477,GOOD
2026-09-21T15:08:03.427Z,SOL/USD,BUY,PULLBACK_CONTINUATION,,CHASED,false,,,,,,,,,,,,,,,,BUY_BLOCKED,"Chase: precio movió 0.82 ATR, actualizando origen",PULLBACK_CONTINUATION,intent-SOL/USD-mubdo7dm-qowfvr,2026-09-21T15:06:12.442Z,"Chase: precio movió 0.82 ATR, actualizando origen",TREND,BULLISH,BULLISH,45.415434834321566,1.2638154151585212,HIGH,0.016839269175714423,0.7478132115634641,GOOD
2026-09-21T15:08:04.430Z,ETH/USD,BUY,PULLBACK_CONTINUATION,,APPROVED,true,,,,,,,,,,,,,,,,BUY_ALLOWED,"Intent approved: price 0.66 ATR from origin, regime stable",PULLBACK_CONTINUATION,intent-ETH/USD-mubdo7e1-b7zjkg,2026-09-21T15:06:12.457Z,"Intent approved: price 0.66 ATR from origin, regime stable",TREND,BULLISH,BULLISH,46.61918904057874,1.0755059976276773,NORMAL,0.0003640328284884184,1.0394599270826477,GOOD
2026-09-21T15:09:05.655Z,SOL/USD,BUY,PULLBACK_CONTINUATION,,CHASED,false,,,,,,,,,,,,,,,,BUY_BLOCKED,"Chase: precio movió 0.98 ATR, actualizando origen",PULLBACK_CONTINUATION,intent-SOL/USD-mubdo7dm-qowfvr,2026-09-21T15:06:12.442Z,"Chase: precio movió 0.98 ATR, actualizando origen",TREND,BULLISH,BULLISH,45.415434834321566,1.2638154151585212,HIGH,0.008412197686637986,0.7478132115634641,GOOD
2026-09-21T15:09:06.866Z,ETH/USD,BUY,PULLBACK_CONTINUATION,,APPROVED,true,,,,,,,,,,,,,,,,BUY_ALLOWED,"Intent approved: price 0.73 ATR from origin, regime stable",PULLBACK_CONTINUATION,intent-ETH/USD-mubdo7e1-b7zjkg,2026-09-21T15:06:12.457Z,"Intent approved: price 0.73 ATR from origin, regime stable",TREND,BULLISH,BULLISH,46.61918904057874,1.0755059976276773,NORMAL,0.00036390565381158536,1.0394599270826477,GOOD
2026-09-21T15:09:35.946Z,SOL/USD,BUY,PULLBACK_CONTINUATION,,CHASED,false,,,,,,,,,,,,,,,,BUY_BLOCKED,"Chase: precio movió 0.83 ATR, actualizando origen",PULLBACK_CONTINUATION,intent-SOL/USD-mubdskeo-lxmhzi,2026-09-21T15:09:35.952Z,"Chase: precio movió 0.83 ATR, actualizando origen",TREND,BULLISH,BULLISH,45.415434834321566,1.2638154151585212,HIGH,0.00841928015155135,0.7478132115634641,GOOD
2026-09-21T15:09:35.954Z,ETH/USD,BUY,PULLBACK_CONTINUATION,,APPROVED,true,,,,,,,,,,,,,,,,BUY_ALLOWED,"Intent approved: price 0.67 ATR from origin, regime stable",PULLBACK_CONTINUATION,intent-ETH/USD-mubdsket-5aum3z,2026-09-21T15:09:35.957Z,"Intent approved: price 0.67 ATR from origin, regime stable",TREND,BULLISH,BULLISH,46.61918904057874,1.0755059976276773,NORMAL,0.008368703233049035,1.0394599270826477,GOOD
2026-09-21T15:10:26.925Z,SOL/USD,BUY,PULLBACK_CONTINUATION,,CHASED,false,,,,,,,,,,,,,,,,BUY_BLOCKED,"Chase: precio movió 0.89 ATR, actualizando origen",PULLBACK_CONTINUATION,intent-SOL/USD-mubdskeo-lxmhzi,2026-09-21T15:09:35.952Z,"Chase: precio movió 0.89 ATR, actualizando origen",TREND,BULLISH,BULLISH,45.415434834321566,1.2638154151585212,HIGH,0.025245087726680805,0.7707794398591068,GOOD
2026-09-21T15:10:27.430Z,ETH/USD,BUY,PULLBACK_CONTINUATION,,APPROVED,true,,,,,,,,,,,,,,,,BUY_ALLOWED,"Intent approved: price 0.70 ATR from origin, regime stable",PULLBACK_CONTINUATION,intent-ETH/USD-mubdsket-5aum3z,2026-09-21T15:09:35.957Z,"Intent approved: price 0.70 ATR from origin, regime stable",TREND,BULLISH,BULLISH,46.61918904057874,1.0755059976276773,NORMAL,0.0076410455133431344,0.8346936155342599,GOOD
2026-09-21T15:11:26.932Z,SOL/USD,BUY,PULLBACK_CONTINUATION,,APPROVED,true,,,,,,,,,,false,INSUFFICIENT_CAPITAL,50,1989.7030651341,115.71714285714286,2.982857142857142,BUY_ALLOWED,INSUFFICIENT_CAPITAL,PULLBACK_CONTINUATION,intent-SOL/USD-mubdskeo-lxmhzi,2026-09-21T15:09:35.952Z,"Intent approved: price 0.74 ATR from origin, regime stable",TREND,BULLISH,BULLISH,45.415434834321566,1.2638154151585212,HIGH,0.008426374552353162,0.7707794398591068,GOOD
2026-09-21T15:11:27.955Z,ETH/USD,BUY,PULLBACK_CONTINUATION,,APPROVED,true,,,,,,,,,,,,,,,,BUY_ALLOWED,"Intent approved: price 0.55 ATR from origin, regime stable",PULLBACK_CONTINUATION,intent-ETH/USD-mubdsket-5aum3z,2026-09-21T15:09:35.957Z,"Intent approved: price 0.55 ATR from origin, regime stable",TREND,BULLISH,BULLISH,46.61918904057874,1.0755059976276773,NORMAL,0.0003642264104291963,0.8346936155342599,GOOD
2026-09-21T15:12:26.989Z,SOL/USD,BUY,PULLBACK_CONTINUATION,,APPROVED,true,,,,,,,,,,false,INSUFFICIENT_CAPITAL,50,1989.2001915708815,115.68714285714286,2.982857142857142,BUY_ALLOWED,INSUFFICIENT_CAPITAL,PULLBACK_CONTINUATION,intent-SOL/USD-mubdskeo-lxmhzi,2026-09-21T15:09:35.952Z,"Intent approved: price 0.71 ATR from origin, regime stable",TREND,BULLISH,BULLISH,45.415434834321566,1.2638154151585212,HIGH,0.01684494230606925,0.7707794398591068,GOOD
2026-09-21T15:12:27.503Z,ETH/USD,BUY,PULLBACK_CONTINUATION,,APPROVED,true,,,,,,,,,,,,,,,,BUY_ALLOWED,"Intent approved: price 0.66 ATR from origin, regime stable",PULLBACK_CONTINUATION,intent-ETH/USD-mubdsket-5aum3z,2026-09-21T15:09:35.957Z,"Intent approved: price 0.66 ATR from origin, regime stable",TREND,BULLISH,BULLISH,46.61918904057874,1.0755059976276773,NORMAL,0.00036400632643789885,0.8346936155342599,GOOD
2026-09-21T15:13:05.932Z,SOL/USD,BUY,PULLBACK_CONTINUATION,,CHASED,false,,,,,,,,,,,,,,,,BUY_BLOCKED,"Chase: precio movió 0.78 ATR, actualizando origen",PULLBACK_CONTINUATION,intent-SOL/USD-mubdx2fj-qr2ccr,2026-09-21T15:13:05.935Z,"Chase: precio movió 0.78 ATR, actualizando origen",TREND,BULLISH,BULLISH,45.415434834321566,1.2638154151585212,HIGH,0.008422116477863228,0.7814918791401698,GOOD
2026-09-21T15:13:56.921Z,SOL/USD,BUY,PULLBACK_CONTINUATION,,APPROVED,true,,,,,,,,,,false,INSUFFICIENT_CAPITAL,50,1987.5239463601533,115.58714285714285,2.982857142857142,BUY_ALLOWED,INSUFFICIENT_CAPITAL,PULLBACK_CONTINUATION,intent-SOL/USD-mubdx2fj-qr2ccr,2026-09-21T15:13:05.935Z,"Intent approved: price 0.60 ATR from origin, regime stable",TREND,BULLISH,BULLISH,45.415434834321566,1.2638154151585212,HIGH,0.008433480919253736,0.7814918791401698,GOOD
2026-09-21T15:14:56.908Z,SOL/USD,BUY,PULLBACK_CONTINUATION,,APPROVED,true,,,,,,,,,,false,INSUFFICIENT_CAPITAL,50,1988.5296934865903,115.64714285714285,2.982857142857142,BUY_ALLOWED,INSUFFICIENT_CAPITAL,PULLBACK_CONTINUATION,intent-SOL/USD-mubdx2fj-qr2ccr,2026-09-21T15:13:05.935Z,"Intent approved: price 0.67 ATR from origin, regime stable",TREND,BULLISH,BULLISH,45.415434834321566,1.2638154151585212,HIGH,0.01686198465560259,0.7814918791401698,GOOD
2026-09-21T15:15:57.568Z,SOL/USD,BUY,PULLBACK_CONTINUATION,,APPROVED,true,,,,,,,,,,false,INSUFFICIENT_CAPITAL,50,1983.8362068965519,115.36714285714285,2.982857142857142,BUY_ALLOWED,INSUFFICIENT_CAPITAL,PULLBACK_CONTINUATION,intent-SOL/USD-mubdx2fj-qr2ccr,2026-09-21T15:13:05.935Z,"Intent approved: price 0.37 ATR from origin, regime stable",TREND,BULLISH,BULLISH,45.415434834321566,1.2638154151585212,HIGH,0.008449871139457438,0.8012614220053073,GOOD
2026-09-21T15:47:08.336Z,SOL/USD,BUY,PULLBACK_CONTINUATION,,APPROVED,true,,,,,,,,,,false,INSUFFICIENT_CAPITAL,50,1977.1312260536401,114.96714285714286,2.982857142857142,BUY_ALLOWED,INSUFFICIENT_CAPITAL,PULLBACK_CONTINUATION,intent-SOL/USD-mubf4ucz-bleko,2026-09-21T15:47:08.339Z,"Intent approved: price 0.11 ATR from origin, regime stable",TREND,BULLISH,BULLISH,45.415434834321566,1.2638154151585212,HIGH,0.0084785281275214,0.9121496188875312,GOOD
2026-09-21T15:47:08.353Z,BTC/USD,BUY,BREAKOUT_RETEST,,APPROVED,true,,,,,,,,,,false,INSUFFICIENT_CAPITAL,50,2603.6917333517713,84430.88571428572,1653.114285714284,BUY_ALLOWED,INSUFFICIENT_CAPITAL,BREAKOUT_RETEST,intent-BTC/USD-mubf4wog-nngmvg,2026-09-21T15:47:11.344Z,"Intent approved: price 0.04 ATR from origin, regime stable",TREND,BULLISH,BULLISH,43.97223986317965,0.9630884079171019,HIGH,0.0001161656731665087,0.9043791694587399,GOOD
2026-09-21T15:47:59.332Z,SOL/USD,BUY,PULLBACK_CONTINUATION,,APPROVED,true,,,,,,,,,,false,INSUFFICIENT_CAPITAL,50,1980.6513409961688,115.17714285714285,2.982857142857142,BUY_ALLOWED,INSUFFICIENT_CAPITAL,PULLBACK_CONTINUATION,intent-SOL/USD-mubf4ucz-bleko,2026-09-21T15:47:08.339Z,"Intent approved: price 0.33 ATR from origin, regime stable",TREND,BULLISH,BULLISH,45.415434834321566,1.2638154151585212,HIGH,0.00846059477981735,0.9121496188875312,GOOD
2026-09-21T15:48:00.360Z,BTC/USD,BUY,BREAKOUT_RETEST,,APPROVED,true,,,,,,,,,,false,INSUFFICIENT_CAPITAL,50,2605.0739729342044,84476.58571428571,1653.114285714284,BUY_ALLOWED,INSUFFICIENT_CAPITAL,BREAKOUT_RETEST,intent-BTC/USD-mubf4wog-nngmvg,2026-09-21T15:47:11.344Z,"Intent approved: price 0.07 ATR from origin, regime stable",TREND,BULLISH,BULLISH,43.97223986317965,0.9630884079171019,HIGH,0.00011610403617252462,0.9043791694587399,GOOD
2026-09-21T15:48:59.345Z,SOL/USD,BUY,PULLBACK_CONTINUATION,,APPROVED,true,,,,,,,,,,false,INSUFFICIENT_CAPITAL,50,1983.3333333333335,115.33714285714285,2.982857142857142,BUY_ALLOWED,INSUFFICIENT_CAPITAL,PULLBACK_CONTINUATION,intent-SOL/USD-mubf4ucz-bleko,2026-09-21T15:47:08.339Z,"Intent approved: price 0.49 ATR from origin, regime stable",TREND,BULLISH,BULLISH,45.415434834321566,1.2638154151585212,HIGH,0.008454157331872271,0.9121496188875312,GOOD
2026-09-21T15:49:00.354Z,BTC/USD,BUY,BREAKOUT_RETEST,,APPROVED,true,,,,,,,,,,false,INSUFFICIENT_CAPITAL,50,2605.043726991482,84475.58571428571,1653.114285714284,BUY_ALLOWED,INSUFFICIENT_CAPITAL,BREAKOUT_RETEST,intent-BTC/USD-mubf4wog-nngmvg,2026-09-21T15:47:11.344Z,"Intent approved: price 0.06 ATR from origin, regime stable",TREND,BULLISH,BULLISH,43.97223986317965,0.9630884079171019,HIGH,0.0001161052494153471,0.9043791694587399,GOOD
2026-09-21T15:56:58.473Z,ETH/USD,BUY,PULLBACK_CONTINUATION,,CHASED,false,,,,,,,,,,,,,,,,BUY_BLOCKED,"Chase: precio movió 0.97 ATR, actualizando origen",PULLBACK_CONTINUATION,intent-ETH/USD-mubfhhpr-yiwwfm,2026-09-21T15:56:58.479Z,"Chase: precio movió 0.97 ATR, actualizando origen",TREND,BULLISH,BULLISH,46.61918904057874,1.0755059976276773,NORMAL,0.00036198112267589233,0.622466112874201,GOOD
2026-09-21T15:57:50.471Z,ETH/USD,BUY,PULLBACK_CONTINUATION,,APPROVED,true,,,,,,,,,,false,MAX_LOTS_REACHED,0,0,0,0,BUY_ALLOWED,MAX_LOTS_REACHED,PULLBACK_CONTINUATION,intent-ETH/USD-mubfhhpr-yiwwfm,2026-09-21T15:56:58.479Z,"Intent approved: price 0.58 ATR from origin, regime stable",TREND,BULLISH,BULLISH,46.61918904057874,1.0755059976276773,NORMAL,0.00036297047780411133,0.622466112874201,GOOD
2026-09-21T15:58:49.975Z,ETH/USD,BUY,PULLBACK_CONTINUATION,,APPROVED,true,,,,,,,,,,false,MAX_LOTS_REACHED,0,0,0,0,BUY_ALLOWED,MAX_LOTS_REACHED,PULLBACK_CONTINUATION,intent-ETH/USD-mubfhhpr-yiwwfm,2026-09-21T15:56:58.479Z,"Intent approved: price 0.66 ATR from origin, regime stable",TREND,BULLISH,BULLISH,46.61918904057874,1.0755059976276773,NORMAL,0.00036272690835952324,0.622466112874201,GOOD
2026-09-21T18:15:35.840Z,XRP/USD,BUY,PULLBACK_CONTINUATION,,EXECUTED,true,,,,,,,,,,true,,50,1790.2654867256667,1.466447142857143,0.04213285714285707,BUY_EXECUTED,"Intent approved: price 0.00 ATR from origin, regime stable",PULLBACK_CONTINUATION,intent-XRP/USD-mubkfrg1-78iffo,2026-09-21T18:15:35.857Z,"Intent approved: price 0.00 ATR from origin, regime stable",TREND,BULLISH,BULLISH,43.41655053488155,1.408673373861806,HIGH,0.00928092703202775,1.3007075603022518,GOOD
2026-09-21T18:16:35.851Z,XRP/USD,BUY,PULLBACK_CONTINUATION,,EXECUTED,true,,,,,,,,,,true,,50,1790.2654867256667,1.466447142857143,0.04213285714285707,BUY_EXECUTED,"Intent approved: price 0.00 ATR from origin, regime stable",PULLBACK_CONTINUATION,intent-XRP/USD-mubkh1qu-fh7mfq,2026-09-21T18:16:35.862Z,"Intent approved: price 0.00 ATR from origin, regime stable",TREND,BULLISH,BULLISH,43.41655053488155,1.408673373861806,HIGH,0.00928092703202775,1.3007075603022518,GOOD
2026-09-21T18:17:43.562Z,XRP/USD,BUY,PULLBACK_CONTINUATION,,APPROVED,true,,,,,,,,,,false,MAX_LOTS_REACHED,0,0,0,0,BUY_ALLOWED,MAX_LOTS_REACHED,PULLBACK_CONTINUATION,intent-XRP/USD-mubkihzl-6kss3y,2026-09-21T18:17:43.569Z,"Intent approved: price 0.13 ATR from origin, regime stable",TREND,BULLISH,BULLISH,43.41655053488155,1.408673373861806,HIGH,0.0072964376801344195,1.3008301802268059,GOOD
2026-09-21T18:18:38.998Z,XRP/USD,BUY,PULLBACK_CONTINUATION,,APPROVED,true,,,,,,,,,,false,MAX_LOTS_REACHED,0,0,0,0,BUY_ALLOWED,MAX_LOTS_REACHED,PULLBACK_CONTINUATION,intent-XRP/USD-mubkihzl-6kss3y,2026-09-21T18:17:43.569Z,"Intent approved: price 0.30 ATR from origin, regime stable",TREND,BULLISH,BULLISH,43.41655053488155,1.408673373861806,HIGH,0.0066417380100017255,1.3008301802268059,GOOD
2026-09-21T18:19:39.009Z,XRP/USD,BUY,PULLBACK_CONTINUATION,,APPROVED,true,,,,,,,,,,false,MAX_LOTS_REACHED,0,0,0,0,BUY_ALLOWED,MAX_LOTS_REACHED,PULLBACK_CONTINUATION,intent-XRP/USD-mubkihzl-6kss3y,2026-09-21T18:17:43.569Z,"Intent approved: price 0.02 ATR from origin, regime stable",TREND,BULLISH,BULLISH,43.41655053488155,1.408673373861806,HIGH,0.003314100503404143,1.3008301802268059,GOOD
2026-09-21T18:27:01.294Z,XRP/USD,BUY,PULLBACK_CONTINUATION,,APPROVED,true,,,,,,,,,,false,MAX_LOTS_REACHED,0,0,0,0,BUY_ALLOWED,MAX_LOTS_REACHED,PULLBACK_CONTINUATION,intent-XRP/USD-mubkugc8-vxfueq,2026-09-21T18:27:01.304Z,"Intent approved: price 0.18 ATR from origin, regime stable",TREND,BULLISH,BULLISH,43.41655053488155,1.408673373861806,HIGH,0.0026542976396684787,1.5749737870212133,GOOD
2026-09-21T18:27:56.705Z,XRP/USD,BUY,PULLBACK_CONTINUATION,,APPROVED,true,,,,,,,,,,false,MAX_LOTS_REACHED,0,0,0,0,BUY_ALLOWED,MAX_LOTS_REACHED,PULLBACK_CONTINUATION,intent-XRP/USD-mubkugc8-vxfueq,2026-09-21T18:27:01.304Z,"Intent approved: price 0.09 ATR from origin, regime stable",TREND,BULLISH,BULLISH,43.41655053488155,1.408673373861806,HIGH,0.007944915254230533,1.5749737870212133,GOOD
2026-09-21T18:28:56.716Z,XRP/USD,BUY,PULLBACK_CONTINUATION,,APPROVED,true,,,,,,,,,,false,MAX_LOTS_REACHED,0,0,0,0,BUY_ALLOWED,MAX_LOTS_REACHED,PULLBACK_CONTINUATION,intent-XRP/USD-mubkugc8-vxfueq,2026-09-21T18:27:01.304Z,"Intent approved: price 0.29 ATR from origin, regime stable",TREND,BULLISH,BULLISH,43.41655053488155,1.408673373861806,HIGH,0.005979688989726462,1.5749737870212133,GOOD
2026-09-21T19:30:04.892Z,SOL/USD,BUY,PULLBACK_CONTINUATION,,APPROVED,true,,,,,,,,,,,,,,,,BUY_ALLOWED,"Intent approved: price 0.00 ATR from origin, regime stable",PULLBACK_CONTINUATION,intent-SOL/USD-mubn3js1-at2m05,2026-09-21T19:30:04.897Z,"Intent approved: price 0.00 ATR from origin, regime stable",TREND,BULLISH,BULLISH,50.6103208669146,1.2699626231736327,HIGH,0.008481404520580896,0.8973720192645666,GOOD
2026-09-21T19:30:58.386Z,SOL/USD,BUY,PULLBACK_CONTINUATION,,APPROVED,true,,,,,,,,,,,,,,,,BUY_ALLOWED,"Intent approved: price 0.10 ATR from origin, regime stable",PULLBACK_CONTINUATION,intent-SOL/USD-mubn3js1-at2m05,2026-09-21T19:30:04.897Z,"Intent approved: price 0.10 ATR from origin, regime stable",TREND,BULLISH,BULLISH,50.6103208669146,1.2699626231736327,HIGH,0.008483563096492815,0.8973720192645666,GOOD
2026-09-21T19:31:58.392Z,SOL/USD,BUY,PULLBACK_CONTINUATION,,APPROVED,true,,,,,,,,,,,,,,,,BUY_ALLOWED,"Intent approved: price 0.22 ATR from origin, regime stable",PULLBACK_CONTINUATION,intent-SOL/USD-mubn3js1-at2m05,2026-09-21T19:30:04.897Z,"Intent approved: price 0.22 ATR from origin, regime stable",TREND,BULLISH,BULLISH,50.6103208669146,1.2699626231736327,HIGH,0.00847062809707773,0.8973720192645666,GOOD
2026-09-21T19:33:13.694Z,SOL/USD,BUY,PULLBACK_CONTINUATION,,APPROVED,true,,,,,,,,,,,,,,,,BUY_ALLOWED,"Intent approved: price 0.41 ATR from origin, regime stable",PULLBACK_CONTINUATION,intent-SOL/USD-mubn7lgl-3kd06x,2026-09-21T19:33:13.701Z,"Intent approved: price 0.41 ATR from origin, regime stable",TREND,BULLISH,BULLISH,50.6103208669146,1.2699626231736327,HIGH,0.008462026655388293,0.8973720192645666,GOOD
2026-09-21T19:34:07.167Z,SOL/USD,BUY,PULLBACK_CONTINUATION,,APPROVED,true,,,,,,,,,,,,,,,,BUY_ALLOWED,"Intent approved: price 0.51 ATR from origin, regime stable",PULLBACK_CONTINUATION,intent-SOL/USD-mubn7lgl-3kd06x,2026-09-21T19:33:13.701Z,"Intent approved: price 0.51 ATR from origin, regime stable",TREND,BULLISH,BULLISH,50.6103208669146,1.2699626231736327,HIGH,0.008457017210034348,0.8973720192645666,GOOD
2026-09-21T19:35:06.619Z,SOL/USD,BUY,,,EXECUTED,true,,,,,,,,,,true,,50,1977.090301003344,115.24000000000001,2.990000000000001,BUY_EXECUTED,"Intent approved: price 0.51 ATR from origin, regime stable",PULLBACK_CONTINUATION,intent-SOL/USD-mubn7lgl-3kd06x,2026-09-21T19:33:13.701Z,"Intent approved: price 0.51 ATR from origin, regime stable",TREND,BULLISH,BULLISH,50.6103208669146,1.2699626231736327,HIGH,0.008457017210034348,0.8521838074046632,GOOD
2026-09-21T19:35:06.652Z,ETH/USD,BUY,PULLBACK_CONTINUATION,,APPROVED,true,,,,,,,,,,false,INSUFFICIENT_CAPITAL,50,2420.3782299338454,2712.7285714285713,57.22142857142847,BUY_ALLOWED,INSUFFICIENT_CAPITAL,PULLBACK_CONTINUATION,intent-ETH/USD-mubna0m8-xx853z,2026-09-21T19:35:06.656Z,"Intent approved: price 0.39 ATR from origin, regime stable",TREND,BULLISH,BULLISH,51.42554922171387,1.037334189685444,NORMAL,0.0003609762964829549,2.815302353202773,GOOD
2026-09-21T19:36:17.900Z,SOL/USD,BUY,PULLBACK_CONTINUATION,,APPROVED,true,,,,,,,,,,false,MAX_LOTS_REACHED,0,0,0,0,BUY_ALLOWED,MAX_LOTS_REACHED,PULLBACK_CONTINUATION,intent-SOL/USD-mubnbjlb-wxylnz,2026-09-21T19:36:17.903Z,"Intent approved: price 0.39 ATR from origin, regime stable",TREND,BULLISH,BULLISH,50.6103208669146,1.2699626231736327,HIGH,0.008463459015692018,0.9304096579050375,GOOD
2026-09-21T19:36:17.908Z,ETH/USD,BUY,PULLBACK_CONTINUATION,,APPROVED,true,,,,,,,,,,false,INSUFFICIENT_CAPITAL,50,2418.6306328797946,2710.7285714285713,57.22142857142847,BUY_ALLOWED,INSUFFICIENT_CAPITAL,PULLBACK_CONTINUATION,intent-ETH/USD-mubnbma1-8cmmvr,2026-09-21T19:36:21.385Z,"Intent approved: price 0.21 ATR from origin, regime stable",TREND,BULLISH,BULLISH,51.42554922171387,1.037334189685444,NORMAL,0.0003611209917741525,2.8278445421726706,GOOD
2026-09-21T19:37:11.377Z,SOL/USD,BUY,PULLBACK_CONTINUATION,,APPROVED,true,,,,,,,,,,false,MAX_LOTS_REACHED,0,0,0,0,BUY_ALLOWED,MAX_LOTS_REACHED,PULLBACK_CONTINUATION,intent-SOL/USD-mubnbjlb-wxylnz,2026-09-21T19:36:17.903Z,"Intent approved: price 0.39 ATR from origin, regime stable",TREND,BULLISH,BULLISH,50.6103208669146,1.2699626231736327,HIGH,0.008464175377718156,0.9304096579050375,GOOD
2026-09-21T19:37:11.892Z,ETH/USD,BUY,PULLBACK_CONTINUATION,,APPROVED,true,,,,,,,,,,false,INSUFFICIENT_CAPITAL,50,2420.2908500811427,2712.6285714285714,57.22142857142847,BUY_ALLOWED,INSUFFICIENT_CAPITAL,PULLBACK_CONTINUATION,intent-ETH/USD-mubnbma1-8cmmvr,2026-09-21T19:36:21.385Z,"Intent approved: price 0.38 ATR from origin, regime stable",TREND,BULLISH,BULLISH,51.42554922171387,1.037334189685444,NORMAL,0.00036102972900091445,2.8278445421726706,GOOD
2026-09-21T19:38:11.374Z,SOL/USD,BUY,PULLBACK_CONTINUATION,,APPROVED,true,,,,,,,,,,false,MAX_LOTS_REACHED,0,0,0,0,BUY_ALLOWED,MAX_LOTS_REACHED,PULLBACK_CONTINUATION,intent-SOL/USD-mubnbjlb-wxylnz,2026-09-21T19:36:17.903Z,"Intent approved: price 0.22 ATR from origin, regime stable",TREND,BULLISH,BULLISH,50.6103208669146,1.2699626231736327,HIGH,0.008469910642435019,0.9304096579050375,GOOD
2026-09-21T19:38:11.874Z,ETH/USD,BUY,PULLBACK_CONTINUATION,,APPROVED,true,,,,,,,,,,false,INSUFFICIENT_CAPITAL,50,2416.8218699288523,2708.6585714285716,57.22142857142847,BUY_ALLOWED,INSUFFICIENT_CAPITAL,PULLBACK_CONTINUATION,intent-ETH/USD-mubnbma1-8cmmvr,2026-09-21T19:36:21.385Z,"Intent approved: price 0.03 ATR from origin, regime stable",TREND,BULLISH,BULLISH,51.42554922171387,1.037334189685444,NORMAL,0.00036158061348527665,2.8278445421726706,GOOD
2026-09-21T19:39:18.878Z,SOL/USD,BUY,PULLBACK_CONTINUATION,,APPROVED,true,,,,,,,,,,false,MAX_LOTS_REACHED,0,0,0,0,BUY_ALLOWED,MAX_LOTS_REACHED,PULLBACK_CONTINUATION,intent-SOL/USD-mubnff8h-vkkbli,2026-09-21T19:39:18.881Z,"Intent approved: price 0.39 ATR from origin, regime stable",TREND,BULLISH,BULLISH,50.6103208669146,1.2699626231736327,HIGH,0.016924769400025585,0.9304096579050375,GOOD
2026-09-21T19:39:18.888Z,ETH/USD,BUY,PULLBACK_CONTINUATION,,APPROVED,true,,,,,,,,,,false,INSUFFICIENT_CAPITAL,50,2418.7005367619568,2710.8085714285717,57.22142857142847,BUY_ALLOWED,INSUFFICIENT_CAPITAL,PULLBACK_CONTINUATION,intent-ETH/USD-mubnfhxm-3xva4r,2026-09-21T19:39:22.378Z,"Intent approved: price 0.22 ATR from origin, regime stable",TREND,BULLISH,BULLISH,51.42554922171387,1.037334189685444,NORMAL,0.01481334284758893,2.8278445421726706,GOOD
2026-09-21T19:40:12.368Z,SOL/USD,BUY,PULLBACK_CONTINUATION,,APPROVED,true,,,,,,,,,,,,,,,,BUY_ALLOWED,"Intent approved: price 0.53 ATR from origin, regime stable",PULLBACK_CONTINUATION,intent-SOL/USD-mubnff8h-vkkbli,2026-09-21T19:39:18.881Z,"Intent approved: price 0.53 ATR from origin, regime stable",TREND,BULLISH,BULLISH,50.6103208669146,1.2699626231736327,HIGH,0.008457017210034348,1.0223471091585432,GOOD
2026-09-21T19:40:12.893Z,ETH/USD,BUY,PULLBACK_CONTINUATION,,APPROVED,true,,,,,,,,,,,,,,,,BUY_ALLOWED,"Intent approved: price 0.18 ATR from origin, regime stable",PULLBACK_CONTINUATION,intent-ETH/USD-mubnfhxm-3xva4r,2026-09-21T19:39:22.378Z,"Intent approved: price 0.18 ATR from origin, regime stable",TREND,BULLISH,BULLISH,51.42554922171387,1.037334189685444,NORMAL,0.0003613232379699516,2.8711502343100737,GOOD
2026-09-21T19:41:12.373Z,SOL/USD,BUY,PULLBACK_CONTINUATION,,APPROVED,true,,,,,,,,,,,,,,,,BUY_ALLOWED,"Intent approved: price 0.65 ATR from origin, regime stable",PULLBACK_CONTINUATION,intent-SOL/USD-mubnff8h-vkkbli,2026-09-21T19:39:18.881Z,"Intent approved: price 0.65 ATR from origin, regime stable",TREND,BULLISH,BULLISH,50.6103208669146,1.2699626231736327,HIGH,0.008451299387285118,1.0223471091585432,GOOD
2026-09-21T19:41:12.877Z,ETH/USD,BUY,PULLBACK_CONTINUATION,,APPROVED,true,,,,,,,,,,,,,,,,BUY_ALLOWED,"Intent approved: price 0.36 ATR from origin, regime stable",PULLBACK_CONTINUATION,intent-ETH/USD-mubnfhxm-3xva4r,2026-09-21T19:39:22.378Z,"Intent approved: price 0.36 ATR from origin, regime stable",TREND,BULLISH,BULLISH,51.42554922171387,1.037334189685444,NORMAL,0.00036107926593373395,2.8711502343100737,GOOD
2026-09-21T20:00:50.685Z,BTC/USD,BUY,BREAKOUT_RETEST,,APPROVED,true,,,,,,,,,,false,INSUFFICIENT_CAPITAL,50,2650.591832449739,84932.35714285714,1632.942857142858,BUY_ALLOWED,INSUFFICIENT_CAPITAL,BREAKOUT_RETEST,intent-BTC/USD-mubo74dp-qfizu6,2026-09-21T20:00:51.181Z,"Intent approved: price 0.19 ATR from origin, regime stable",TREND,BULLISH,BULLISH,54.634136939737765,0.9425399119550669,HIGH,0.00011551979576772522,1.2112980562552347,GOOD
2026-09-21T20:05:19.687Z,BTC/USD,BUY,BREAKOUT_RETEST,,CHASED,false,,,,,,,,,,,,,,,,BUY_BLOCKED,"Chase: precio movió 0.80 ATR, actualizando origen",BREAKOUT_RETEST,intent-BTC/USD-mubocxhe-5w9hg8,2026-09-21T20:05:22.178Z,"Chase: precio movió 0.80 ATR, actualizando origen",TREND,BULLISH,BULLISH,54.634136939737765,0.9440143793179376,HIGH,0.00011536054496992927,1.4151637660455112,GOOD
2026-09-21T20:06:10.666Z,BTC/USD,BUY,BREAKOUT_RETEST,,APPROVED,true,,,,,,,,,,false,INSUFFICIENT_CAPITAL,50,2652.7995030882003,85004.45714285714,1632.942857142858,BUY_ALLOWED,INSUFFICIENT_CAPITAL,BREAKOUT_RETEST,intent-BTC/USD-mubocxhe-5w9hg8,2026-09-21T20:05:22.178Z,"Intent approved: price 0.61 ATR from origin, regime stable",TREND,BULLISH,BULLISH,54.634136939737765,0.9440143793179376,HIGH,0.0001154235264378404,1.4151637660455112,GOOD
2026-09-21T20:07:10.687Z,BTC/USD,BUY,BREAKOUT_RETEST,,CHASED,false,,,,,,,,,,,,,,,,BUY_BLOCKED,"Chase: precio movió 0.80 ATR, actualizando origen",BREAKOUT_RETEST,intent-BTC/USD-mubocxhe-5w9hg8,2026-09-21T20:05:22.178Z,"Chase: precio movió 0.80 ATR, actualizando origen",TREND,BULLISH,BULLISH,54.634136939737765,0.9440143793179376,HIGH,0.00011536067803384898,1.4151637660455112,GOOD
2026-09-21T20:08:27.849Z,BTC/USD,BUY,BREAKOUT_RETEST,,CHASED,false,,,,,,,,,,,,,,,,BUY_BLOCKED,"Chase: precio movió 0.91 ATR, actualizando origen",BREAKOUT_RETEST,intent-BTC/USD-mubogyoc-cavx68,2026-09-21T20:08:30.348Z,"Chase: precio movió 0.91 ATR, actualizando origen",TREND,BULLISH,BULLISH,54.634136939737765,0.9440143793179376,HIGH,0.00011532648638976645,1.4151637660455112,GOOD
2026-09-21T20:09:18.847Z,BTC/USD,BUY,BREAKOUT_RETEST,,CHASED,false,,,,,,,,,,,,,,,,BUY_BLOCKED,"Chase: precio movió 1.02 ATR, actualizando origen",BREAKOUT_RETEST,intent-BTC/USD-mubogyoc-cavx68,2026-09-21T20:08:30.348Z,"Chase: precio movió 1.02 ATR, actualizando origen",TREND,BULLISH,BULLISH,54.634136939737765,0.9440143793179376,HIGH,0.00011529005537475985,1.4151637660455112,GOOD
2026-09-21T20:10:18.853Z,BTC/USD,BUY,BREAKOUT_RETEST,,CHASED,false,,,,,,,,,,,,,,,,BUY_BLOCKED,"Chase: precio movió 0.86 ATR, actualizando origen",BREAKOUT_RETEST,intent-BTC/USD-mubogyoc-cavx68,2026-09-21T20:08:30.348Z,"Chase: precio movió 0.86 ATR, actualizando origen",TREND,BULLISH,BULLISH,54.634136939737765,0.9440143793179376,HIGH,0.00011534018723843961,1.3619301566361408,GOOD
2026-09-21T21:35:33.343Z,XRP/USD,BUY,PULLBACK_CONTINUATION,,CHASED,false,,,,,,,,,,,,,,,,BUY_BLOCKED,"Chase: precio movió 0.86 ATR, actualizando origen",PULLBACK_CONTINUATION,intent-XRP/USD-mubrkyod-dzl57t,2026-09-21T21:35:35.821Z,"Chase: precio movió 0.86 ATR, actualizando origen",TREND,BULLISH,BULLISH,46.35169797616296,1.4823426827496007,HIGH,0.03456382732433061,2.243893773434736,GOOD
2026-09-21T21:36:31.266Z,XRP/USD,BUY,PULLBACK_CONTINUATION,,CHASED,false,,,,,,,,,,,,,,,,BUY_BLOCKED,"Chase: precio movió 1.17 ATR, actualizando origen",PULLBACK_CONTINUATION,intent-XRP/USD-mubrkyod-dzl57t,2026-09-21T21:35:35.821Z,"Chase: precio movió 1.17 ATR, actualizando origen",TREND,BULLISH,BULLISH,46.35169797616296,1.4823426827496007,HIGH,0.013656538067602692,2.243893773434736,GOOD
2026-09-21T21:37:31.277Z,XRP/USD,BUY,PULLBACK_CONTINUATION,,CHASED,false,,,,,,,,,,,,,,,,BUY_BLOCKED,"Chase: precio movió 1.45 ATR, actualizando origen",PULLBACK_CONTINUATION,intent-XRP/USD-mubrkyod-dzl57t,2026-09-21T21:35:35.821Z,"Chase: precio movió 1.45 ATR, actualizando origen",TREND,BULLISH,BULLISH,46.35169797616296,1.4823426827496007,HIGH,0.00584102672269229,2.243893773434736,GOOD
2026-09-21T21:38:45.084Z,XRP/USD,BUY,PULLBACK_CONTINUATION,,INVALIDATED,false,,,,,,,,,,,,,,,,BUY_BLOCKED,Precio movió 1.78 ATR desde origen (max 1.5),PULLBACK_CONTINUATION,intent-XRP/USD-mubrp2m5-baftl9,2026-09-21T21:38:47.549Z,Precio movió 1.78 ATR desde origen (max 1.5),TREND,BULLISH,BULLISH,46.35169797616296,1.4823426827496007,HIGH,0.013592452952315958,2.243893773434736,GOOD
2026-09-21T21:39:43.001Z,XRP/USD,BUY,PULLBACK_CONTINUATION,,INVALIDATED,false,,,,,,,,,,,,,,,,BUY_BLOCKED,Precio movió 1.69 ATR desde origen (max 1.5),PULLBACK_CONTINUATION,intent-XRP/USD-mubrq9gv-yz08b6,2026-09-21T21:39:43.087Z,Precio movió 1.69 ATR desde origen (max 1.5),TREND,BULLISH,BULLISH,46.35169797616296,1.4823426827496007,HIGH,0.05053318994000822,2.243893773434736,GOOD
2026-09-21T23:00:54.902Z,SOL/USD,BUY,PULLBACK_CONTINUATION,,EXECUTED,true,,,,,,,,,,true,,50,2262.8787878787894,116.84,2.6399999999999983,BUY_EXECUTED,"Intent approved: price 0.13 ATR from origin, regime stable",PULLBACK_CONTINUATION,intent-SOL/USD-mubumolb-k1ucoq,2026-09-21T23:00:54.911Z,"Intent approved: price 0.13 ATR from origin, regime stable",TREND,BULLISH,BULLISH,55.57925823876146,1.105527638190954,HIGH,0.008369951872781013,0.8795453541927367,GOOD
2026-09-21T23:01:55.590Z,SOL/USD,BUY,PULLBACK_CONTINUATION,,APPROVED,true,,,,,,,,,,false,MAX_LOTS_REACHED,0,0,0,0,BUY_ALLOWED,MAX_LOTS_REACHED,PULLBACK_CONTINUATION,intent-SOL/USD-mubunzs3-vvkwwr,2026-09-21T23:01:56.067Z,"Intent approved: price 0.10 ATR from origin, regime stable",TREND,BULLISH,BULLISH,55.57925823876146,1.105527638190954,HIGH,0.008371353229241894,0.8795453541927367,GOOD
2026-09-21T23:02:24.992Z,SOL/USD,BUY,PULLBACK_CONTINUATION,,APPROVED,true,,,,,,,,,,false,MAX_LOTS_REACHED,0,0,0,0,BUY_ALLOWED,MAX_LOTS_REACHED,PULLBACK_CONTINUATION,intent-SOL/USD-mubuom3s-u74d50,2026-09-21T23:02:25.000Z,"Intent approved: price 0.20 ATR from origin, regime stable",TREND,BULLISH,BULLISH,55.57925823876146,1.105527638190954,HIGH,0.0083664505333655,0.8807058514060893,GOOD
2026-09-21T23:03:18.006Z,SOL/USD,BUY,PULLBACK_CONTINUATION,,APPROVED,true,,,,,,,,,,false,MAX_LOTS_REACHED,0,0,0,0,BUY_ALLOWED,MAX_LOTS_REACHED,PULLBACK_CONTINUATION,intent-SOL/USD-mubuom3s-u74d50,2026-09-21T23:02:25.000Z,"Intent approved: price 0.24 ATR from origin, regime stable",TREND,BULLISH,BULLISH,55.57925823876146,1.105527638190954,HIGH,0.00836505081767611,0.8807058514060893,GOOD
2026-09-21T23:04:18.026Z,SOL/USD,BUY,PULLBACK_CONTINUATION,,APPROVED,true,,,,,,,,,,false,MAX_LOTS_REACHED,0,0,0,0,BUY_ALLOWED,MAX_LOTS_REACHED,PULLBACK_CONTINUATION,intent-SOL/USD-mubuom3s-u74d50,2026-09-21T23:02:25.000Z,"Intent approved: price 0.61 ATR from origin, regime stable",TREND,BULLISH,BULLISH,55.57925823876146,1.105527638190954,HIGH,0.033397344911084786,0.8807058514060893,GOOD
2026-09-21T23:05:17.295Z,SOL/USD,BUY,PULLBACK_CONTINUATION,,APPROVED,true,,,,,,,,,,false,MAX_LOTS_REACHED,0,0,0,0,BUY_ALLOWED,MAX_LOTS_REACHED,PULLBACK_CONTINUATION,intent-SOL/USD-mubuom3s-u74d50,2026-09-21T23:02:25.000Z,"Intent approved: price 0.61 ATR from origin, regime stable",TREND,BULLISH,BULLISH,55.57925823876146,1.105527638190954,HIGH,0.033397344911084786,0.9111933128863523,GOOD
2026-09-21T23:05:45.376Z,SOL/USD,BUY,PULLBACK_CONTINUATION,,APPROVED,true,,,,,,,,,,false,MAX_LOTS_REACHED,0,0,0,0,BUY_ALLOWED,MAX_LOTS_REACHED,PULLBACK_CONTINUATION,intent-SOL/USD-mubuswq1-ot0nsv,2026-09-21T23:05:45.385Z,"Intent approved: price 0.61 ATR from origin, regime stable",TREND,BULLISH,BULLISH,55.57925823876146,1.105527638190954,HIGH,0.008348290687486009,1.046810401492617,GOOD
2026-09-21T23:06:38.378Z,SOL/USD,BUY,PULLBACK_CONTINUATION,,APPROVED,true,,,,,,,,,,false,MAX_LOTS_REACHED,0,0,0,0,BUY_ALLOWED,MAX_LOTS_REACHED,PULLBACK_CONTINUATION,intent-SOL/USD-mubuswq1-ot0nsv,2026-09-21T23:05:45.385Z,"Intent approved: price 0.60 ATR from origin, regime stable",TREND,BULLISH,BULLISH,55.57925823876146,1.105527638190954,HIGH,0.025038601176815205,1.046810401492617,GOOD
2026-09-21T23:07:38.370Z,SOL/USD,BUY,PULLBACK_CONTINUATION,,APPROVED,true,,,,,,,,,,false,MAX_LOTS_REACHED,0,0,0,0,BUY_ALLOWED,MAX_LOTS_REACHED,PULLBACK_CONTINUATION,intent-SOL/USD-mubuswq1-ot0nsv,2026-09-21T23:05:45.385Z,"Intent approved: price 0.39 ATR from origin, regime stable",TREND,BULLISH,BULLISH,55.57925823876146,1.105527638190954,HIGH,0.016712626389245616,1.046810401492617,GOOD
2026-09-21T23:09:05.471Z,SOL/USD,BUY,PULLBACK_CONTINUATION,,APPROVED,true,,,,,,,,,,false,MAX_LOTS_REACHED,0,0,0,0,BUY_ALLOWED,MAX_LOTS_REACHED,PULLBACK_CONTINUATION,intent-SOL/USD-mubux748-8k22ig,2026-09-21T23:09:05.480Z,"Intent approved: price 0.44 ATR from origin, regime stable",TREND,BULLISH,BULLISH,55.57925823876146,1.105527638190954,HIGH,0.008355964069358776,1.046810401492617,GOOD
2026-09-21T23:09:58.465Z,SOL/USD,BUY,PULLBACK_CONTINUATION,,APPROVED,true,,,,,,,,,,false,MAX_LOTS_REACHED,0,0,0,0,BUY_ALLOWED,MAX_LOTS_REACHED,PULLBACK_CONTINUATION,intent-SOL/USD-mubux748-8k22ig,2026-09-21T23:09:05.480Z,"Intent approved: price 0.36 ATR from origin, regime stable",TREND,BULLISH,BULLISH,55.57925823876146,1.105527638190954,HIGH,0.016719612104995837,1.046810401492617,GOOD
2026-09-21T23:10:58.478Z,SOL/USD,BUY,PULLBACK_CONTINUATION,,APPROVED,true,,,,,,,,,,false,MAX_LOTS_REACHED,0,0,0,0,BUY_ALLOWED,MAX_LOTS_REACHED,PULLBACK_CONTINUATION,intent-SOL/USD-mubux748-8k22ig,2026-09-21T23:09:05.480Z,"Intent approved: price 0.38 ATR from origin, regime stable",TREND,BULLISH,BULLISH,55.57925823876146,1.105527638190954,HIGH,0.008358757888582034,1.3508827180029528,GOOD
2026-09-22T00:45:11.784Z,SOL/USD,BUY,PULLBACK_CONTINUATION,,APPROVED,true,,,,,,,,,,,,,,,,BUY_ALLOWED,"Intent approved: price 0.02 ATR from origin, regime stable",PULLBACK_CONTINUATION,intent-SOL/USD-mubycsfk-e0vcdr,2026-09-22T00:45:11.792Z,"Intent approved: price 0.02 ATR from origin, regime stable",TREND,BULLISH,BULLISH,55.949254389442494,1.0840173538920064,HIGH,0.016763054228477094,0.8504264975890028,GOOD
2026-09-22T00:46:11.786Z,SOL/USD,BUY,PULLBACK_CONTINUATION,,APPROVED,true,,,,,,,,,,,,,,,,BUY_ALLOWED,"Intent approved: price 0.19 ATR from origin, regime stable",PULLBACK_CONTINUATION,intent-SOL/USD-mubycsfk-e0vcdr,2026-09-22T00:45:11.792Z,"Intent approved: price 0.19 ATR from origin, regime stable",TREND,BULLISH,BULLISH,55.949254389442494,1.0840173538920064,HIGH,0.00839172575840651,0.8504264975890028,GOOD
2026-09-22T00:47:16.286Z,TON/USD,BUY,PULLBACK_CONTINUATION,,APPROVED,true,,,,,,,,,,,,,,,,BUY_ALLOWED,"Intent approved: price 0.00 ATR from origin, regime stable",PULLBACK_CONTINUATION,intent-TON/USD-mubyfj79-ma7n35,2026-09-22T00:47:19.797Z,"Intent approved: price 0.00 ATR from origin, regime stable",TREND,BULLISH,NEUTRAL,40.395286151220894,1.000690131124914,NORMAL,0.06856359273226685,1.7656697810294144,GOOD
2026-09-22T00:47:19.801Z,SOL/USD,BUY,PULLBACK_CONTINUATION,,APPROVED,true,,,,,,,,,,,,,,,,BUY_ALLOWED,"Intent approved: price 0.02 ATR from origin, regime stable",PULLBACK_CONTINUATION,intent-SOL/USD-mubyfj7o-h1yn5l,2026-09-22T00:47:19.812Z,"Intent approved: price 0.02 ATR from origin, regime stable",TREND,BULLISH,BULLISH,55.949254389442494,1.0840173538920064,HIGH,0.008380473496756856,0.8667012035245527,GOOD
2026-09-22T00:48:11.816Z,TON/USD,BUY,PULLBACK_CONTINUATION,,APPROVED,true,,,,,,,,,,,,,,,,BUY_ALLOWED,"Intent approved: price 0.00 ATR from origin, regime stable",PULLBACK_CONTINUATION,intent-TON/USD-mubyfj79-ma7n35,2026-09-22T00:47:19.797Z,"Intent approved: price 0.00 ATR from origin, regime stable",TREND,BULLISH,NEUTRAL,40.395286151220894,1.000690131124914,NORMAL,0.06856359273226685,1.7656697810294144,GOOD
2026-09-22T00:48:12.793Z,SOL/USD,BUY,PULLBACK_CONTINUATION,,APPROVED,true,,,,,,,,,,,,,,,,BUY_ALLOWED,"Intent approved: price 0.19 ATR from origin, regime stable",PULLBACK_CONTINUATION,intent-SOL/USD-mubyfj7o-h1yn5l,2026-09-22T00:47:19.812Z,"Intent approved: price 0.19 ATR from origin, regime stable",TREND,BULLISH,BULLISH,55.949254389442494,1.0840173538920064,HIGH,0.008389613658295329,0.8667012035245527,GOOD
2026-09-22T00:49:11.807Z,TON/USD,BUY,PULLBACK_CONTINUATION,,APPROVED,true,,,,,,,,,,,,,,,,BUY_ALLOWED,"Intent approved: price 0.00 ATR from origin, regime stable",PULLBACK_CONTINUATION,intent-TON/USD-mubyfj79-ma7n35,2026-09-22T00:47:19.797Z,"Intent approved: price 0.00 ATR from origin, regime stable",TREND,BULLISH,NEUTRAL,40.395286151220894,1.000690131124914,NORMAL,0.13698630136986314,1.7656697810294144,GOOD
2026-09-22T00:49:12.791Z,SOL/USD,BUY,PULLBACK_CONTINUATION,,APPROVED,true,,,,,,,,,,,,,,,,BUY_ALLOWED,"Intent approved: price 0.10 ATR from origin, regime stable",PULLBACK_CONTINUATION,intent-SOL/USD-mubyfj7o-h1yn5l,2026-09-22T00:47:19.812Z,"Intent approved: price 0.10 ATR from origin, regime stable",TREND,BULLISH,BULLISH,55.949254389442494,1.0840173538920064,HIGH,0.00837766514472845,0.8667012035245527,GOOD
2026-09-22T01:15:56.523Z,TON/USD,BUY,PULLBACK_CONTINUATION,,EXECUTED,true,,,,,,,,,,true,,50,2433.333333333331,1.43,0.030000000000000027,BUY_EXECUTED,"Intent approved: price 0.00 ATR from origin, regime stable",PULLBACK_CONTINUATION,intent-TON/USD-mubzgeji-rips2s,2026-09-22T01:16:00.030Z,"Intent approved: price 0.00 ATR from origin, regime stable",TREND,BULLISH,NEUTRAL,41.85867954294998,1.0330578512396704,NORMAL,0.06832934745472428,1.8248131632352427,GOOD
2026-09-22T01:16:52.047Z,TON/USD,BUY,PULLBACK_CONTINUATION,,EXECUTED,true,,,,,,,,,,true,,50,2433.333333333331,1.43,0.030000000000000027,BUY_EXECUTED,"Intent approved: price 0.00 ATR from origin, regime stable",PULLBACK_CONTINUATION,intent-TON/USD-mubzhj1l-3mioiu,2026-09-22T01:16:52.521Z,"Intent approved: price 0.00 ATR from origin, regime stable",TREND,BULLISH,NEUTRAL,41.85867954294998,1.0330578512396704,NORMAL,0.06851661527919767,1.8248131632352427,GOOD
2026-09-22T01:17:52.061Z,TON/USD,BUY,PULLBACK_CONTINUATION,,APPROVED,true,,,,,,,,,,false,MAX_LOTS_REACHED,0,0,0,0,BUY_ALLOWED,MAX_LOTS_REACHED,PULLBACK_CONTINUATION,intent-TON/USD-mubzitct-ffryi2,2026-09-22T01:17:52.541Z,"Intent approved: price 0.00 ATR from origin, regime stable",TREND,BULLISH,NEUTRAL,41.85867954294998,1.0330578512396704,NORMAL,0.06842285323297227,1.8248131632352427,GOOD
2026-09-22T01:19:02.812Z,TON/USD,BUY,PULLBACK_CONTINUATION,,CHASED,false,,,,,,,,,,,,,,,,BUY_BLOCKED,"Chase: precio movió 0.75 ATR, actualizando origen",PULLBACK_CONTINUATION,intent-TON/USD-mubzkbl1-n3meuh,2026-09-22T01:19:02.821Z,"Chase: precio movió 0.75 ATR, actualizando origen",TREND,BULLISH,NEUTRAL,41.85867954294998,1.0330578512396704,NORMAL,0.1376462491397111,1.8248131632352427,GOOD
2026-09-22T01:19:58.345Z,TON/USD,BUY,PULLBACK_CONTINUATION,,INVALIDATED,false,,,,,,,,,,,,,,,,BUY_BLOCKED,Precio movió 1.66 ATR desde origen (max 1.5),PULLBACK_CONTINUATION,intent-TON/USD-mubzliso-fps104,2026-09-22T01:19:58.824Z,Precio movió 1.66 ATR desde origen (max 1.5),TREND,BULLISH,NEUTRAL,41.85867954294998,1.0330578512396704,NORMAL,0.13793103448275873,1.8248131632352427,GOOD
2026-09-22T09:12:09.703Z,ETH/USD,BUY,PULLBACK_CONTINUATION,,CHASED,false,,,,,,,,,,,,,,,,BUY_BLOCKED,"Chase: precio movió 1.19 ATR, actualizando origen",PULLBACK_CONTINUATION,intent-ETH/USD-mucggtd7-5vc5qt,2026-09-22T09:12:12.715Z,"Chase: precio movió 1.19 ATR, actualizando origen",TREND,BULLISH,BULLISH,43.21809911922515,0.7710508820289838,NORMAL,0.0003653455163798472,1.6794654234448065,GOOD
2026-09-22T09:13:02.704Z,ETH/USD,BUY,PULLBACK_CONTINUATION,,CHASED,false,,,,,,,,,,,,,,,,BUY_BLOCKED,"Chase: precio movió 1.14 ATR, actualizando origen",PULLBACK_CONTINUATION,intent-ETH/USD-mucggtd7-5vc5qt,2026-09-22T09:12:12.715Z,"Chase: precio movió 1.14 ATR, actualizando origen",TREND,BULLISH,BULLISH,43.21809911922515,0.7710508820289838,NORMAL,0.0003652881301528285,1.6794654234448065,GOOD
2026-09-22T09:14:02.707Z,ETH/USD,BUY,PULLBACK_CONTINUATION,,CHASED,false,,,,,,,,,,,,,,,,BUY_BLOCKED,"Chase: precio movió 0.98 ATR, actualizando origen",PULLBACK_CONTINUATION,intent-ETH/USD-mucggtd7-5vc5qt,2026-09-22T09:12:12.715Z,"Chase: precio movió 0.98 ATR, actualizando origen",TREND,BULLISH,BULLISH,43.21809911922515,0.7710508820289838,NORMAL,0.00036509475120667575,1.6794654234448065,GOOD
2026-09-22T09:15:16.549Z,ETH/USD,BUY,BREAKOUT_RETEST,,APPROVED,true,,,,,,,,,,,,,,,,BUY_ALLOWED,"Intent approved: price 0.10 ATR from origin, regime stable",BREAKOUT_RETEST,intent-ETH/USD-mucgkt5d-avf00l,2026-09-22T09:15:19.057Z,"Intent approved: price 0.10 ATR from origin, regime stable",TREND,BULLISH,BULLISH,43.21809911922515,0.7710508820289838,NORMAL,0.00036497482586935284,1.2987428438427735,GOOD
2026-09-22T09:16:09.074Z,ETH/USD,BUY,BREAKOUT_RETEST,,APPROVED,true,,,,,,,,,,,,,,,,BUY_ALLOWED,"Intent approved: price 0.06 ATR from origin, regime stable",BREAKOUT_RETEST,intent-ETH/USD-mucgkt5d-avf00l,2026-09-22T09:15:19.057Z,"Intent approved: price 0.06 ATR from origin, regime stable",TREND,BULLISH,BULLISH,43.21809911922515,0.7710508820289838,NORMAL,0.0003650547673494388,1.2987428438427735,GOOD
2026-09-22T09:17:09.063Z,ETH/USD,BUY,BREAKOUT_RETEST,,APPROVED,true,,,,,,,,,,,,,,,,BUY_ALLOWED,"Intent approved: price 0.03 ATR from origin, regime stable",BREAKOUT_RETEST,intent-ETH/USD-mucgkt5d-avf00l,2026-09-22T09:15:19.057Z,"Intent approved: price 0.03 ATR from origin, regime stable",TREND,BULLISH,BULLISH,43.21809911922515,0.7710508820289838,NORMAL,0.00036516541079332305,1.2987428438427735,GOOD
2026-09-22T09:18:27.809Z,ETH/USD,BUY,BREAKOUT_RETEST,,APPROVED,true,,,,,,,,,,,,,,,,BUY_ALLOWED,"Intent approved: price 0.25 ATR from origin, regime stable",BREAKOUT_RETEST,intent-ETH/USD-mucgowq0-9ns072,2026-09-22T09:18:30.312Z,"Intent approved: price 0.25 ATR from origin, regime stable",TREND,BULLISH,BULLISH,43.21809911922515,0.7710508820289838,NORMAL,0.0003648429989278553,1.2987428438427735,GOOD
2026-09-22T09:19:20.324Z,ETH/USD,BUY,BREAKOUT_RETEST,,APPROVED,true,,,,,,,,,,,,,,,,BUY_ALLOWED,"Intent approved: price 0.32 ATR from origin, regime stable",BREAKOUT_RETEST,intent-ETH/USD-mucgowq0-9ns072,2026-09-22T09:18:30.312Z,"Intent approved: price 0.32 ATR from origin, regime stable",TREND,BULLISH,BULLISH,43.21809911922515,0.7710508820289838,NORMAL,0.00036471658786545164,1.2987428438427735,GOOD
2026-09-22T09:20:18.799Z,ETH/USD,BUY,,,EXECUTED,true,,,,,,,,,,true,,50,3234.612532443445,2699.368571428571,42.381428571428714,BUY_EXECUTED,"Intent approved: price 0.32 ATR from origin, regime stable",BREAKOUT_RETEST,intent-ETH/USD-mucgowq0-9ns072,2026-09-22T09:18:30.312Z,"Intent approved: price 0.32 ATR from origin, regime stable",TREND,BULLISH,BULLISH,43.21809911922515,0.7710508820289838,NORMAL,0.00036471658786545164,1.2853790308987163,GOOD
2026-09-22T09:25:43.531Z,XRP/USD,BUY,BREAKOUT_RETEST,,EXECUTED,true,,,,,,,,,,true,,50,1543.868669749804,1.4858871428571427,0.04973285714285721,BUY_EXECUTED,"Intent approved: price 0.42 ATR from origin, regime stable",BREAKOUT_RETEST,intent-XRP/USD-mucgy72q-bi8i6x,2026-09-22T09:25:43.634Z,"Intent approved: price 0.42 ATR from origin, regime stable",TREND,BULLISH,BULLISH,39.912950400889486,1.6089256482519656,NORMAL,0.008465332834107837,1.1553631458601195,GOOD
2026-09-22T09:26:43.543Z,XRP/USD,BUY,BREAKOUT_RETEST,,EXECUTED,true,,,,,,,,,,true,,50,1543.9792606210303,1.4859971428571428,0.04973285714285721,BUY_EXECUTED,"Intent approved: price 0.43 ATR from origin, regime stable",BREAKOUT_RETEST,intent-XRP/USD-mucgzhd0-p7hw62,2026-09-22T09:26:43.620Z,"Intent approved: price 0.43 ATR from origin, regime stable",TREND,BULLISH,BULLISH,39.912950400889486,1.6089256482519656,NORMAL,0.01236307085665751,1.1553631458601195,GOOD
2026-09-22T09:31:02.300Z,XRP/USD,BUY,PULLBACK_CONTINUATION,,APPROVED,true,,,,,,,,,,,,,,,,BUY_ALLOWED,"Intent approved: price 0.18 ATR from origin, regime stable",PULLBACK_CONTINUATION,intent-XRP/USD-much50yt-4makg4,2026-09-22T09:31:02.309Z,"Intent approved: price 0.18 ATR from origin, regime stable",TREND,BULLISH,BULLISH,39.912950400889486,1.6089256482519656,NORMAL,0.009756129288231474,0.7912426305446362,GOOD
2026-09-22T09:31:57.738Z,XRP/USD,BUY,PULLBACK_CONTINUATION,,APPROVED,true,,,,,,,,,,,,,,,,BUY_ALLOWED,"Intent approved: price 0.25 ATR from origin, regime stable",PULLBACK_CONTINUATION,intent-XRP/USD-much50yt-4makg4,2026-09-22T09:31:02.309Z,"Intent approved: price 0.25 ATR from origin, regime stable",TREND,BULLISH,BULLISH,39.912950400889486,1.6089256482519656,NORMAL,0.0025946899669851654,0.7912426305446362,GOOD
2026-09-22T09:32:57.750Z,XRP/USD,BUY,PULLBACK_CONTINUATION,,APPROVED,true,,,,,,,,,,,,,,,,BUY_ALLOWED,"Intent approved: price 0.15 ATR from origin, regime stable",PULLBACK_CONTINUATION,intent-XRP/USD-much50yt-4makg4,2026-09-22T09:31:02.309Z,"Intent approved: price 0.15 ATR from origin, regime stable",TREND,BULLISH,BULLISH,39.912950400889486,1.6089256482519656,NORMAL,0.017529906344851725,0.7912426305446362,GOOD
2026-09-22T09:33:59.370Z,XRP/USD,BUY,PULLBACK_CONTINUATION,,APPROVED,true,,,,,,,,,,,,,,,,BUY_ALLOWED,"Intent approved: price 0.23 ATR from origin, regime stable",PULLBACK_CONTINUATION,intent-XRP/USD-much50yt-4makg4,2026-09-22T09:31:02.309Z,"Intent approved: price 0.23 ATR from origin, regime stable",TREND,BULLISH,BULLISH,39.912950400889486,1.6089256482519656,NORMAL,0.009760827197560605,0.7912426305446362,GOOD
2026-09-22T09:34:24.645Z,XRP/USD,BUY,PULLBACK_CONTINUATION,,APPROVED,true,,,,,,,,,,,,,,,,BUY_ALLOWED,"Intent approved: price 0.02 ATR from origin, regime stable",PULLBACK_CONTINUATION,intent-XRP/USD-much9d3h-9mfcj2,2026-09-22T09:34:24.653Z,"Intent approved: price 0.02 ATR from origin, regime stable",TREND,BULLISH,BULLISH,39.912950400889486,1.6089256482519656,NORMAL,0.009741176929002698,0.7912426305446362,GOOD
2026-09-22T09:35:20.082Z,XRP/USD,BUY,PULLBACK_CONTINUATION,,APPROVED,true,,,,,,,,,,,,,,,,BUY_ALLOWED,"Intent approved: price 0.25 ATR from origin, regime stable",PULLBACK_CONTINUATION,intent-XRP/USD-much9d3h-9mfcj2,2026-09-22T09:34:24.653Z,"Intent approved: price 0.25 ATR from origin, regime stable",TREND,BULLISH,BULLISH,39.912950400889486,1.6089256482519656,NORMAL,0.032543608435314175,0.7193995597818829,GOOD
2026-09-22T09:36:20.080Z,XRP/USD,BUY,PULLBACK_CONTINUATION,,APPROVED,true,,,,,,,,,,,,,,,,BUY_ALLOWED,"Intent approved: price 0.17 ATR from origin, regime stable",PULLBACK_CONTINUATION,intent-XRP/USD-much9d3h-9mfcj2,2026-09-22T09:34:24.653Z,"Intent approved: price 0.17 ATR from origin, regime stable",TREND,BULLISH,BULLISH,39.912950400889486,1.6089256482519656,NORMAL,0.012358165657952802,0.7193995597818829,GOOD
2026-09-22T09:40:39.333Z,ETH/USD,BUY,PULLBACK_CONTINUATION,,EXECUTED,true,,,,,,,,,,true,,50,3234.6243300636966,2699.3785714285714,42.381428571428714,BUY_EXECUTED,"Intent approved: price 0.30 ATR from origin, regime stable",PULLBACK_CONTINUATION,intent-ETH/USD-muchhe7d-9vtrea,2026-09-22T09:40:39.337Z,"Intent approved: price 0.30 ATR from origin, regime stable",TREND,BULLISH,BULLISH,43.21809911922515,0.7710508820289838,NORMAL,0.00036475250631362073,1.4101389574307421,GOOD
2026-09-22T12:30:42.082Z,BTC/USD,BUY,PULLBACK_CONTINUATION,,APPROVED,true,,,,,,,,,,,,,,,,BUY_ALLOWED,"Intent approved: price 0.17 ATR from origin, regime stable",PULLBACK_CONTINUATION,intent-BTC/USD-mucnk2p9-ua07dt,2026-09-22T12:30:42.093Z,"Intent approved: price 0.17 ATR from origin, regime stable",TREND,BULLISH,BULLISH,43.37194265422248,0.5743091323452733,LOW,0.00011617066633266139,1.3982950437496806,GOOD
2026-09-22T12:31:02.956Z,XRP/USD,BUY,PULLBACK_CONTINUATION,,EXECUTED,true,,,,,,,,,,true,,50,1674.4893524554525,1.49518,0.04602000000000005,BUY_EXECUTED,"Intent approved: price 0.19 ATR from origin, regime stable",PULLBACK_CONTINUATION,intent-XRP/USD-mucnkkpw-uluo4g,2026-09-22T12:31:05.444Z,"Intent approved: price 0.19 ATR from origin, regime stable",TREND,BULLISH,BULLISH,38.46100601930188,1.4964783007394609,NORMAL,0.033101084871831325,1.5527991825447123,GOOD
2026-09-22T12:31:12.452Z,BTC/USD,BUY,PULLBACK_CONTINUATION,,APPROVED,true,,,,,,,,,,,,,,,,BUY_ALLOWED,"Intent approved: price 0.09 ATR from origin, regime stable",PULLBACK_CONTINUATION,intent-BTC/USD-mucnkrb7-sg7c3j,2026-09-22T12:31:13.987Z,"Intent approved: price 0.09 ATR from origin, regime stable",TREND,BULLISH,BULLISH,43.37194265422248,0.5743091323452733,LOW,0.00011615406908707056,1.4534582378703411,GOOD
2026-09-22T12:32:00.887Z,XRP/USD,BUY,PULLBACK_CONTINUATION,,EXECUTED,true,,,,,,,,,,true,,50,1675.9235115167303,1.4965,0.04602000000000005,BUY_EXECUTED,"Intent approved: price 0.32 ATR from origin, regime stable",PULLBACK_CONTINUATION,intent-XRP/USD-mucnlrkk-29bj98,2026-09-22T12:32:00.980Z,"Intent approved: price 0.32 ATR from origin, regime stable",TREND,BULLISH,BULLISH,38.46100601930188,1.4964783007394609,NORMAL,0.010368066355620657,1.5527991825447123,GOOD
2026-09-22T12:32:02.454Z,BTC/USD,BUY,PULLBACK_CONTINUATION,,APPROVED,true,,,,,,,,,,,,,,,,BUY_ALLOWED,"Intent approved: price 0.27 ATR from origin, regime stable",PULLBACK_CONTINUATION,intent-BTC/USD-mucnkrb7-sg7c3j,2026-09-22T12:31:13.987Z,"Intent approved: price 0.27 ATR from origin, regime stable",TREND,BULLISH,BULLISH,43.37194265422248,0.5743091323452733,LOW,0.00011608422373756241,1.4534582378703411,GOOD
2026-09-22T12:33:00.887Z,XRP/USD,BUY,PULLBACK_CONTINUATION,,APPROVED,true,,,,,,,,,,false,MAX_LOTS_REACHED,0,0,0,0,BUY_ALLOWED,MAX_LOTS_REACHED,PULLBACK_CONTINUATION,intent-XRP/USD-mucnn1v5-z9bai3,2026-09-22T12:33:00.977Z,"Intent approved: price 0.46 ATR from origin, regime stable",TREND,BULLISH,BULLISH,38.46100601930188,1.4964783007394609,NORMAL,0.013606720424014142,1.5527991825447123,GOOD
2026-09-22T12:33:02.452Z,BTC/USD,BUY,PULLBACK_CONTINUATION,,APPROVED,true,,,,,,,,,,,,,,,,BUY_ALLOWED,"Intent approved: price 0.16 ATR from origin, regime stable",PULLBACK_CONTINUATION,intent-BTC/USD-mucnkrb7-sg7c3j,2026-09-22T12:31:13.987Z,"Intent approved: price 0.16 ATR from origin, regime stable",TREND,BULLISH,BULLISH,43.37194265422248,0.5743091323452733,LOW,0.0001161303284122358,1.4534582378703411,GOOD
2026-09-22T12:34:00.950Z,XRP/USD,BUY,PULLBACK_CONTINUATION,,APPROVED,true,,,,,,,,,,false,MAX_LOTS_REACHED,0,0,0,0,BUY_ALLOWED,MAX_LOTS_REACHED,PULLBACK_CONTINUATION,intent-XRP/USD-mucnn1v5-z9bai3,2026-09-22T12:33:00.977Z,"Intent approved: price 0.24 ATR from origin, regime stable",TREND,BULLISH,BULLISH,38.46100601930188,1.4964783007394609,NORMAL,0.010377480866515632,1.5527991825447123,GOOD
2026-09-22T12:34:03.358Z,BTC/USD,BUY,PULLBACK_CONTINUATION,,APPROVED,true,,,,,,,,,,,,,,,,BUY_ALLOWED,"Intent approved: price 0.07 ATR from origin, regime stable",PULLBACK_CONTINUATION,intent-BTC/USD-mucnkrb7-sg7c3j,2026-09-22T12:31:13.987Z,"Intent approved: price 0.07 ATR from origin, regime stable",TREND,BULLISH,BULLISH,43.37194265422248,0.5743091323452733,LOW,0.0001161918583270589,1.4534582378703411,GOOD
2026-09-22T12:34:30.992Z,XRP/USD,BUY,PULLBACK_CONTINUATION,,APPROVED,true,,,,,,,,,,false,MAX_LOTS_REACHED,0,0,0,0,BUY_ALLOWED,MAX_LOTS_REACHED,PULLBACK_CONTINUATION,intent-XRP/USD-mucnozbx-qq951v,2026-09-22T12:34:31.005Z,"Intent approved: price 0.15 ATR from origin, regime stable",TREND,BULLISH,BULLISH,38.46100601930188,1.4964783007394609,NORMAL,0.02661378529165135,1.5527991825447123,GOOD
2026-09-22T12:34:37.016Z,BTC/USD,BUY,PULLBACK_CONTINUATION,,APPROVED,true,,,,,,,,,,,,,,,,BUY_ALLOWED,"Intent approved: price 0.20 ATR from origin, regime stable",PULLBACK_CONTINUATION,intent-BTC/USD-mucnp5w4-qqrbj0,2026-09-22T12:34:39.508Z,"Intent approved: price 0.20 ATR from origin, regime stable",TREND,BULLISH,BULLISH,43.37194265422248,0.5743091323452733,LOW,0.00011623345490092059,1.4534582378703411,GOOD
2026-09-22T12:35:26.435Z,XRP/USD,BUY,PULLBACK_CONTINUATION,,APPROVED,true,,,,,,,,,,false,MAX_LOTS_REACHED,0,0,0,0,BUY_ALLOWED,MAX_LOTS_REACHED,PULLBACK_CONTINUATION,intent-XRP/USD-mucnozbx-qq951v,2026-09-22T12:34:31.005Z,"Intent approved: price 0.02 ATR from origin, regime stable",TREND,BULLISH,BULLISH,38.46100601930188,1.4964783007394609,NORMAL,0.0012992496833164012,1.696336678178024,GOOD
2026-09-22T12:35:28.005Z,BTC/USD,BUY,PULLBACK_CONTINUATION,,APPROVED,true,,,,,,,,,,,,,,,,BUY_ALLOWED,"Intent approved: price 0.31 ATR from origin, regime stable",PULLBACK_CONTINUATION,intent-BTC/USD-mucnp5w4-qqrbj0,2026-09-22T12:34:39.508Z,"Intent approved: price 0.31 ATR from origin, regime stable",TREND,BULLISH,BULLISH,43.37194265422248,0.5743091323452733,LOW,0.00011626913280233474,1.5944120412409826,GOOD
2026-09-22T12:36:26.448Z,XRP/USD,BUY,PULLBACK_CONTINUATION,,APPROVED,true,,,,,,,,,,false,MAX_LOTS_REACHED,0,0,0,0,BUY_ALLOWED,MAX_LOTS_REACHED,PULLBACK_CONTINUATION,intent-XRP/USD-mucnozbx-qq951v,2026-09-22T12:34:31.005Z,"Intent approved: price 0.19 ATR from origin, regime stable",TREND,BULLISH,BULLISH,38.46100601930188,1.4964783007394609,NORMAL,0.028550664451826985,1.696336678178024,GOOD
2026-09-22T12:36:28.010Z,BTC/USD,BUY,PULLBACK_CONTINUATION,,APPROVED,true,,,,,,,,,,,,,,,,BUY_ALLOWED,"Intent approved: price 0.28 ATR from origin, regime stable",PULLBACK_CONTINUATION,intent-BTC/USD-mucnp5w4-qqrbj0,2026-09-22T12:34:39.508Z,"Intent approved: price 0.28 ATR from origin, regime stable",TREND,BULLISH,BULLISH,43.37194265422248,0.5743091323452733,LOW,0.00011625845417623128,1.5944120412409826,GOOD
2026-09-22T12:37:26.553Z,XRP/USD,BUY,PULLBACK_CONTINUATION,,APPROVED,true,,,,,,,,,,false,MAX_LOTS_REACHED,0,0,0,0,BUY_ALLOWED,MAX_LOTS_REACHED,PULLBACK_CONTINUATION,intent-XRP/USD-mucnozbx-qq951v,2026-09-22T12:34:31.005Z,"Intent approved: price 0.13 ATR from origin, regime stable",TREND,BULLISH,BULLISH,38.46100601930188,1.4964783007394609,NORMAL,0.020812466667540226,1.696336678178024,GOOD
2026-09-22T12:37:28.166Z,BTC/USD,BUY,PULLBACK_CONTINUATION,,APPROVED,true,,,,,,,,,,,,,,,,BUY_ALLOWED,"Intent approved: price 0.33 ATR from origin, regime stable",PULLBACK_CONTINUATION,intent-BTC/USD-mucnp5w4-qqrbj0,2026-09-22T12:34:39.508Z,"Intent approved: price 0.33 ATR from origin, regime stable",TREND,BULLISH,BULLISH,43.37194265422248,0.5743091323452733,LOW,0.00011628346420745058,1.5944120412409826,GOOD
2026-09-22T12:41:16.740Z,XRP/USD,BUY,PULLBACK_CONTINUATION,,APPROVED,true,,,,,,,,,,false,MAX_LOTS_REACHED,0,0,0,0,BUY_ALLOWED,MAX_LOTS_REACHED,PULLBACK_CONTINUATION,intent-XRP/USD-mucnxoer-ldbryt,2026-09-22T12:41:16.755Z,"Intent approved: price 0.31 ATR from origin, regime stable",TREND,BULLISH,BULLISH,38.46100601930188,1.4964783007394609,NORMAL,0.007784271878676934,3.28885998435331,GOOD
2026-09-22T12:42:14.664Z,XRP/USD,BUY,PULLBACK_CONTINUATION,,APPROVED,true,,,,,,,,,,false,MAX_LOTS_REACHED,0,0,0,0,BUY_ALLOWED,MAX_LOTS_REACHED,PULLBACK_CONTINUATION,intent-XRP/USD-mucnxoer-ldbryt,2026-09-22T12:41:16.755Z,"Intent approved: price 0.09 ATR from origin, regime stable",TREND,BULLISH,BULLISH,38.46100601930188,1.4964783007394609,NORMAL,0.007790032653213581,3.28885998435331,GOOD
2026-09-22T12:43:14.663Z,XRP/USD,BUY,PULLBACK_CONTINUATION,,APPROVED,true,,,,,,,,,,false,MAX_LOTS_REACHED,0,0,0,0,BUY_ALLOWED,MAX_LOTS_REACHED,PULLBACK_CONTINUATION,intent-XRP/USD-mucnxoer-ldbryt,2026-09-22T12:41:16.755Z,"Intent approved: price 0.32 ATR from origin, regime stable",TREND,BULLISH,BULLISH,38.46100601930188,1.4964783007394609,NORMAL,0.0006481658526826296,3.28885998435331,GOOD
2026-09-22T12:44:15.595Z,XRP/USD,BUY,PULLBACK_CONTINUATION,,APPROVED,true,,,,,,,,,,false,MAX_LOTS_REACHED,0,0,0,0,BUY_ALLOWED,MAX_LOTS_REACHED,PULLBACK_CONTINUATION,intent-XRP/USD-mucnxoer-ldbryt,2026-09-22T12:41:16.755Z,"Intent approved: price 0.49 ATR from origin, regime stable",TREND,BULLISH,BULLISH,38.46100601930188,1.4964783007394609,NORMAL,0.000647561445490901,3.28885998435331,GOOD
2026-09-22T12:44:38.789Z,XRP/USD,BUY,PULLBACK_CONTINUATION,,APPROVED,true,,,,,,,,,,false,MAX_LOTS_REACHED,0,0,0,0,BUY_ALLOWED,MAX_LOTS_REACHED,PULLBACK_CONTINUATION,intent-XRP/USD-muco20ba-qkrxha,2026-09-22T12:44:38.806Z,"Intent approved: price 0.45 ATR from origin, regime stable",TREND,BULLISH,BULLISH,38.46100601930188,1.4964783007394609,NORMAL,0.007125436837864214,3.28885998435331,GOOD
2026-09-22T12:45:36.708Z,XRP/USD,BUY,PULLBACK_CONTINUATION,,APPROVED,true,,,,,,,,,,false,MAX_LOTS_REACHED,0,0,0,0,BUY_ALLOWED,MAX_LOTS_REACHED,PULLBACK_CONTINUATION,intent-XRP/USD-muco20ba-qkrxha,2026-09-22T12:44:38.806Z,"Intent approved: price 0.56 ATR from origin, regime stable",TREND,BULLISH,BULLISH,38.46100601930188,1.4964783007394609,NORMAL,0.027812903246666847,3.135176182000809,GOOD
2026-09-22T12:46:36.720Z,XRP/USD,BUY,PULLBACK_CONTINUATION,,APPROVED,true,,,,,,,,,,false,MAX_LOTS_REACHED,0,0,0,0,BUY_ALLOWED,MAX_LOTS_REACHED,PULLBACK_CONTINUATION,intent-XRP/USD-muco20ba-qkrxha,2026-09-22T12:44:38.806Z,"Intent approved: price 0.42 ATR from origin, regime stable",TREND,BULLISH,BULLISH,38.46100601930188,1.4964783007394609,NORMAL,0.005830582701966236,3.135176182000809,GOOD
2026-09-22T12:47:36.728Z,XRP/USD,BUY,PULLBACK_CONTINUATION,,APPROVED,true,,,,,,,,,,false,MAX_LOTS_REACHED,0,0,0,0,BUY_ALLOWED,MAX_LOTS_REACHED,PULLBACK_CONTINUATION,intent-XRP/USD-muco20ba-qkrxha,2026-09-22T12:44:38.806Z,"Intent approved: price 0.27 ATR from origin, regime stable",TREND,BULLISH,BULLISH,38.46100601930188,1.4964783007394609,NORMAL,0.008430035568263087,3.135176182000809,GOOD
2026-09-22T13:00:09.711Z,SOL/USD,BUY,PULLBACK_CONTINUATION,,EXECUTED,true,,,,,,,,,,true,,50,2461.1077844311394,115.04428571428572,2.385714285714284,BUY_EXECUTED,"Intent approved: price 0.15 ATR from origin, regime stable",PULLBACK_CONTINUATION,intent-SOL/USD-mucolyzs-2h4ghc,2026-09-22T13:00:10.216Z,"Intent approved: price 0.15 ATR from origin, regime stable",TREND,BULLISH,BULLISH,32.026442359049234,1.0150247982106382,NORMAL,0.017032873445759013,0.9182081780213167,GOOD
2026-09-22T13:00:10.240Z,ETH/USD,BUY,PULLBACK_CONTINUATION,,APPROVED,true,,,,,,,,,,,,,,,,BUY_ALLOWED,"Intent approved: price 0.05 ATR from origin, regime stable",PULLBACK_CONTINUATION,intent-ETH/USD-mucolzdp-etgbsc,2026-09-22T13:00:10.717Z,"Intent approved: price 0.05 ATR from origin, regime stable",TREND,BULLISH,BULLISH,39.95307946041628,0.6886764576280854,NORMAL,0.00036282824618688483,1.017972745819498,GOOD
2026-09-22T13:00:10.719Z,BTC/USD,BUY,PULLBACK_CONTINUATION,,APPROVED,true,,,,,,,,,,,,,,,,BUY_ALLOWED,"Intent approved: price 0.09 ATR from origin, regime stable",PULLBACK_CONTINUATION,intent-BTC/USD-mucolzrj-16pfuw,2026-09-22T13:00:11.215Z,"Intent approved: price 0.09 ATR from origin, regime stable",TREND,BULLISH,BULLISH,42.89298825520742,0.5682710854198635,LOW,0.00011627399968701454,0.7976279333234169,GOOD
2026-09-22T13:01:10.227Z,SOL/USD,BUY,PULLBACK_CONTINUATION,,EXECUTED,true,,,,,,,,,,true,,50,2461.3173652694627,115.05428571428571,2.385714285714284,BUY_EXECUTED,"Intent approved: price 0.13 ATR from origin, regime stable",PULLBACK_CONTINUATION,intent-SOL/USD-mucon9b9-767ar7,2026-09-22T13:01:10.245Z,"Intent approved: price 0.13 ATR from origin, regime stable",TREND,BULLISH,BULLISH,32.026442359049234,1.0150247982106382,NORMAL,0.017031422975386203,0.9182081780213167,GOOD
2026-09-22T13:01:10.310Z,ETH/USD,BUY,PULLBACK_CONTINUATION,,APPROVED,true,,,,,,,,,,,,,,,,BUY_ALLOWED,"Intent approved: price 0.15 ATR from origin, regime stable",PULLBACK_CONTINUATION,intent-ETH/USD-mucolzdp-etgbsc,2026-09-22T13:00:10.717Z,"Intent approved: price 0.15 ATR from origin, regime stable",TREND,BULLISH,BULLISH,39.95307946041628,0.6886764576280854,NORMAL,0.005804546410971118,1.017972745819498,GOOD
2026-09-22T13:01:10.729Z,BTC/USD,BUY,PULLBACK_CONTINUATION,,APPROVED,true,,,,,,,,,,,,,,,,BUY_ALLOWED,"Intent approved: price 0.09 ATR from origin, regime stable",PULLBACK_CONTINUATION,intent-BTC/USD-mucolzrj-16pfuw,2026-09-22T13:00:11.215Z,"Intent approved: price 0.09 ATR from origin, regime stable",TREND,BULLISH,BULLISH,42.89298825520742,0.5682710854198635,LOW,0.00011627399968701454,0.7976279333234169,GOOD
2026-09-22T13:01:45.686Z,SOL/USD,BUY,PULLBACK_CONTINUATION,,APPROVED,true,,,,,,,,,,false,MAX_LOTS_REACHED,0,0,0,0,BUY_ALLOWED,MAX_LOTS_REACHED,PULLBACK_CONTINUATION,intent-SOL/USD-mucoo0o3-qnqvek,2026-09-22T13:01:45.699Z,"Intent approved: price 0.23 ATR from origin, regime stable",TREND,BULLISH,BULLISH,32.026442359049234,1.0157162319968853,NORMAL,0.01701548409051899,0.9379337830266573,GOOD
2026-09-22T13:01:45.709Z,ETH/USD,BUY,PULLBACK_CONTINUATION,,APPROVED,true,,,,,,,,,,,,,,,,BUY_ALLOWED,"Intent approved: price 0.36 ATR from origin, regime stable",PULLBACK_CONTINUATION,intent-ETH/USD-mucoo3co-knzdpx,2026-09-22T13:01:49.176Z,"Intent approved: price 0.36 ATR from origin, regime stable",TREND,BULLISH,BULLISH,39.97303405494163,0.6897593811992947,NORMAL,0.00036246658511959685,1.0261152335878851,GOOD
2026-09-22T13:02:39.667Z,SOL/USD,BUY,PULLBACK_CONTINUATION,,APPROVED,true,,,,,,,,,,false,MAX_LOTS_REACHED,0,0,0,0,BUY_ALLOWED,MAX_LOTS_REACHED,PULLBACK_CONTINUATION,intent-SOL/USD-mucoo0o3-qnqvek,2026-09-22T13:01:45.699Z,"Intent approved: price 0.61 ATR from origin, regime stable",TREND,BULLISH,BULLISH,32.026442359049234,1.0157162319968853,NORMAL,0.008495815810705496,0.9379337830266573,GOOD
2026-09-22T13:02:39.679Z,ETH/USD,BUY,PULLBACK_CONTINUATION,,CHASED,false,,,,,,,,,,,,,,,,BUY_BLOCKED,"Chase: precio movió 0.97 ATR, actualizando origen",PULLBACK_CONTINUATION,intent-ETH/USD-mucoo3co-knzdpx,2026-09-22T13:01:49.176Z,"Chase: precio movió 0.97 ATR, actualizando origen",TREND,BULLISH,BULLISH,39.97303405494163,0.6897593811992947,NORMAL,0.019540791402050468,1.0261152335878851,GOOD
2026-09-22T13:03:39.674Z,SOL/USD,BUY,PULLBACK_CONTINUATION,,APPROVED,true,,,,,,,,,,false,MAX_LOTS_REACHED,0,0,0,0,BUY_ALLOWED,MAX_LOTS_REACHED,PULLBACK_CONTINUATION,intent-SOL/USD-mucoo0o3-qnqvek,2026-09-22T13:01:45.699Z,"Intent approved: price 0.66 ATR from origin, regime stable",TREND,BULLISH,BULLISH,32.026442359049234,1.0157162319968853,NORMAL,0.00849220839879845,0.9379337830266573,GOOD
2026-09-22T13:03:39.686Z,ETH/USD,BUY,PULLBACK_CONTINUATION,,CHASED,false,,,,,,,,,,,,,,,,BUY_BLOCKED,"Chase: precio movió 0.86 ATR, actualizando origen",PULLBACK_CONTINUATION,intent-ETH/USD-mucoo3co-knzdpx,2026-09-22T13:01:49.176Z,"Chase: precio movió 0.86 ATR, actualizando origen",TREND,BULLISH,BULLISH,39.97303405494163,0.6897593811992947,NORMAL,0.0003619143095568279,1.0261152335878851,GOOD
2026-09-22T13:04:39.685Z,SOL/USD,BUY,PULLBACK_CONTINUATION,,APPROVED,true,,,,,,,,,,false,MAX_LOTS_REACHED,0,0,0,0,BUY_ALLOWED,MAX_LOTS_REACHED,PULLBACK_CONTINUATION,intent-SOL/USD-mucoo0o3-qnqvek,2026-09-22T13:01:45.699Z,"Intent approved: price 0.30 ATR from origin, regime stable",TREND,BULLISH,BULLISH,32.026442359049234,1.0157162319968853,NORMAL,0.008503039836745985,0.9379337830266573,GOOD
2026-09-22T13:04:39.694Z,ETH/USD,BUY,PULLBACK_CONTINUATION,,APPROVED,true,,,,,,,,,,,,,,,,BUY_ALLOWED,"Intent approved: price 0.47 ATR from origin, regime stable",PULLBACK_CONTINUATION,intent-ETH/USD-mucoo3co-knzdpx,2026-09-22T13:01:49.176Z,"Intent approved: price 0.47 ATR from origin, regime stable",TREND,BULLISH,BULLISH,39.97303405494163,0.6897593811992947,NORMAL,0.0003622827435751249,1.0261152335878851,GOOD
2026-09-22T13:10:45.784Z,SOL/USD,BUY,PULLBACK_CONTINUATION,,APPROVED,true,,,,,,,,,,false,MAX_LOTS_REACHED,0,0,0,0,BUY_ALLOWED,MAX_LOTS_REACHED,PULLBACK_CONTINUATION,intent-SOL/USD-mucozler-y5tafo,2026-09-22T13:10:45.795Z,"Intent approved: price 0.27 ATR from origin, regime stable",TREND,BULLISH,BULLISH,32.026442359049234,1.0157162319968853,NORMAL,0.008504486116430765,1.10484435467995,GOOD
2026-09-22T13:10:46.286Z,BTC/USD,BUY,PULLBACK_CONTINUATION,,APPROVED,true,,,,,,,,,,,,,,,,BUY_ALLOWED,"Intent approved: price 0.54 ATR from origin, regime stable",PULLBACK_CONTINUATION,intent-BTC/USD-mucozm6d-yk6z06,2026-09-22T13:10:46.789Z,"Intent approved: price 0.54 ATR from origin, regime stable",TREND,BULLISH,BULLISH,42.89298825520742,0.56836359057889,LOW,0.00011611981010442163,1.324618379695548,GOOD
2026-09-22T13:11:45.348Z,SOL/USD,BUY,PULLBACK_CONTINUATION,,APPROVED,true,,,,,,,,,,false,MAX_LOTS_REACHED,0,0,0,0,BUY_ALLOWED,MAX_LOTS_REACHED,PULLBACK_CONTINUATION,intent-SOL/USD-mucozler-y5tafo,2026-09-22T13:10:45.795Z,"Intent approved: price 0.38 ATR from origin, regime stable",TREND,BULLISH,BULLISH,32.026442359049234,1.0157162319968853,NORMAL,0.008503762915082192,1.10484435467995,GOOD
2026-09-22T13:11:46.381Z,BTC/USD,BUY,PULLBACK_CONTINUATION,,APPROVED,true,,,,,,,,,,,,,,,,BUY_ALLOWED,"Intent approved: price 0.35 ATR from origin, regime stable",PULLBACK_CONTINUATION,intent-BTC/USD-mucozm6d-yk6z06,2026-09-22T13:10:46.789Z,"Intent approved: price 0.35 ATR from origin, regime stable",TREND,BULLISH,BULLISH,42.89298825520742,0.56836359057889,LOW,0.000116177549491658,1.324618379695548,GOOD
2026-09-22T13:12:31.804Z,SOL/USD,BUY,PULLBACK_CONTINUATION,,APPROVED,true,,,,,,,,,,false,MAX_LOTS_REACHED,0,0,0,0,BUY_ALLOWED,MAX_LOTS_REACHED,PULLBACK_CONTINUATION,intent-SOL/USD-mucp1v7m-isdir5,2026-09-22T13:12:31.810Z,"Intent approved: price 0.23 ATR from origin, regime stable",TREND,BULLISH,BULLISH,32.026442359049234,1.0157162319968853,NORMAL,0.01700246535747345,1.1310850198302362,GOOD
2026-09-22T13:13:25.282Z,SOL/USD,BUY,PULLBACK_CONTINUATION,,APPROVED,true,,,,,,,,,,false,MAX_LOTS_REACHED,0,0,0,0,BUY_ALLOWED,MAX_LOTS_REACHED,PULLBACK_CONTINUATION,intent-SOL/USD-mucp1v7m-isdir5,2026-09-22T13:12:31.810Z,"Intent approved: price 0.57 ATR from origin, regime stable",TREND,BULLISH,BULLISH,32.026442359049234,1.0157162319968853,NORMAL,0.008496537660907529,1.1310850198302362,GOOD
2026-09-22T13:14:25.282Z,SOL/USD,BUY,PULLBACK_CONTINUATION,,APPROVED,true,,,,,,,,,,false,MAX_LOTS_REACHED,0,0,0,0,BUY_ALLOWED,MAX_LOTS_REACHED,PULLBACK_CONTINUATION,intent-SOL/USD-mucp1v7m-isdir5,2026-09-22T13:12:31.810Z,"Intent approved: price 0.49 ATR from origin, regime stable",TREND,BULLISH,BULLISH,32.026442359049234,1.0157162319968853,NORMAL,0.008497981729343629,1.1310850198302362,GOOD
2026-09-22T13:15:25.421Z,SOL/USD,BUY,PULLBACK_CONTINUATION,,APPROVED,true,,,,,,,,,,false,MAX_LOTS_REACHED,0,0,0,0,BUY_ALLOWED,MAX_LOTS_REACHED,PULLBACK_CONTINUATION,intent-SOL/USD-mucp1v7m-isdir5,2026-09-22T13:12:31.810Z,"Intent approved: price 0.27 ATR from origin, regime stable",TREND,BULLISH,BULLISH,32.026442359049234,1.0157162319968853,NORMAL,0.008510276158465696,1.0513714138449985,GOOD
2026-09-22T13:45:08.247Z,ETH/USD,BUY,PULLBACK_CONTINUATION,,APPROVED,true,,,,,,,,,,,,,,,,BUY_ALLOWED,"Intent approved: price 0.03 ATR from origin, regime stable",PULLBACK_CONTINUATION,intent-ETH/USD-mucq7vhn-tcm0ze,2026-09-22T13:45:11.723Z,"Intent approved: price 0.03 ATR from origin, regime stable",TREND,BULLISH,BULLISH,39.97303405494163,0.6897593811992947,NORMAL,0.0029100538723696653,1.2912710172458521,GOOD
2026-09-22T13:46:02.223Z,ETH/USD,BUY,PULLBACK_CONTINUATION,,APPROVED,true,,,,,,,,,,,,,,,,BUY_ALLOWED,"Intent approved: price 0.02 ATR from origin, regime stable",PULLBACK_CONTINUATION,intent-ETH/USD-mucq7vhn-tcm0ze,2026-09-22T13:45:11.723Z,"Intent approved: price 0.02 ATR from origin, regime stable",TREND,BULLISH,BULLISH,39.97303405494163,0.6897593811992947,NORMAL,0.022547914317938164,1.2912710172458521,GOOD
2026-09-22T13:47:02.209Z,ETH/USD,BUY,PULLBACK_CONTINUATION,,APPROVED,true,,,,,,,,,,,,,,,,BUY_ALLOWED,"Intent approved: price 0.16 ATR from origin, regime stable",PULLBACK_CONTINUATION,intent-ETH/USD-mucq7vhn-tcm0ze,2026-09-22T13:45:11.723Z,"Intent approved: price 0.16 ATR from origin, regime stable",TREND,BULLISH,BULLISH,39.97303405494163,0.6897593811992947,NORMAL,0.00036388711494714644,1.2912710172458521,GOOD
2026-09-22T13:48:02.246Z,ETH/USD,BUY,PULLBACK_CONTINUATION,,APPROVED,true,,,,,,,,,,,,,,,,BUY_ALLOWED,"Intent approved: price 0.09 ATR from origin, regime stable",PULLBACK_CONTINUATION,intent-ETH/USD-mucq7vhn-tcm0ze,2026-09-22T13:45:11.723Z,"Intent approved: price 0.09 ATR from origin, regime stable",TREND,BULLISH,BULLISH,39.97303405494163,0.6897593811992947,NORMAL,0.00036380900753861495,1.2912710172458521,GOOD
2026-09-22T13:48:43.467Z,ETH/USD,BUY,PULLBACK_CONTINUATION,,APPROVED,true,,,,,,,,,,,,,,,,BUY_ALLOWED,"Intent approved: price 0.28 ATR from origin, regime stable",PULLBACK_CONTINUATION,intent-ETH/USD-mucqchln-moblos,2026-09-22T13:48:47.003Z,"Intent approved: price 0.28 ATR from origin, regime stable",TREND,BULLISH,BULLISH,39.97303405494163,0.6897593811992947,NORMAL,0.026164026643693196,1.2912710172458521,GOOD
2026-09-22T13:49:37.450Z,ETH/USD,BUY,PULLBACK_CONTINUATION,,APPROVED,true,,,,,,,,,,,,,,,,BUY_ALLOWED,"Intent approved: price 0.50 ATR from origin, regime stable",PULLBACK_CONTINUATION,intent-ETH/USD-mucqchln-moblos,2026-09-22T13:48:47.003Z,"Intent approved: price 0.50 ATR from origin, regime stable",TREND,BULLISH,BULLISH,39.97303405494163,0.6897593811992947,NORMAL,0.019972147931890685,1.2912710172458521,GOOD
2026-09-22T13:50:37.457Z,ETH/USD,BUY,PULLBACK_CONTINUATION,,APPROVED,true,,,,,,,,,,false,INSUFFICIENT_CAPITAL,50,3623.255551797992,2717.0014285714287,38.01857142857144,BUY_ALLOWED,INSUFFICIENT_CAPITAL,PULLBACK_CONTINUATION,intent-ETH/USD-mucqchln-moblos,2026-09-22T13:48:47.003Z,"Intent approved: price 0.57 ATR from origin, regime stable",TREND,BULLISH,BULLISH,39.97303405494163,0.6897593811992947,NORMAL,0.00726108313578127,1.2185876518719443,GOOD
2026-09-22T13:51:37.969Z,ETH/USD,BUY,PULLBACK_CONTINUATION,,APPROVED,true,,,,,,,,,,false,INSUFFICIENT_CAPITAL,50,3624.084094239656,2717.631428571429,38.01857142857144,BUY_ALLOWED,INSUFFICIENT_CAPITAL,PULLBACK_CONTINUATION,intent-ETH/USD-mucqchln-moblos,2026-09-22T13:48:47.003Z,"Intent approved: price 0.63 ATR from origin, regime stable",TREND,BULLISH,BULLISH,39.97303405494163,0.6897593811992947,NORMAL,0.00616953519810823,1.2185876518719443,GOOD
2026-09-22T13:52:19.213Z,ETH/USD,BUY,PULLBACK_CONTINUATION,,APPROVED,true,,,,,,,,,,false,INSUFFICIENT_CAPITAL,50,3623.4922782098956,2717.1814285714286,38.01857142857144,BUY_ALLOWED,INSUFFICIENT_CAPITAL,PULLBACK_CONTINUATION,intent-ETH/USD-mucqh41j-i354n9,2026-09-22T13:52:22.711Z,"Intent approved: price 0.59 ATR from origin, regime stable",TREND,BULLISH,BULLISH,39.97303405494163,0.6897593811992947,NORMAL,0.005444655979415243,1.2540608085622431,GOOD
2026-09-22T13:53:13.194Z,ETH/USD,BUY,PULLBACK_CONTINUATION,,APPROVED,true,,,,,,,,,,false,INSUFFICIENT_CAPITAL,50,3620.0728967046166,2714.5814285714287,38.01857142857144,BUY_ALLOWED,INSUFFICIENT_CAPITAL,PULLBACK_CONTINUATION,intent-ETH/USD-mucqh41j-i354n9,2026-09-22T13:52:22.711Z,"Intent approved: price 0.32 ATR from origin, regime stable",TREND,BULLISH,BULLISH,39.97303405494163,0.6897593811992947,NORMAL,0.0003632922268257988,1.2540608085622431,GOOD
2026-09-22T13:54:13.208Z,ETH/USD,BUY,PULLBACK_CONTINUATION,,APPROVED,true,,,,,,,,,,false,INSUFFICIENT_CAPITAL,50,3620.2044113778966,2714.6814285714286,38.01857142857144,BUY_ALLOWED,INSUFFICIENT_CAPITAL,PULLBACK_CONTINUATION,intent-ETH/USD-mucqh41j-i354n9,2026-09-22T13:52:22.711Z,"Intent approved: price 0.33 ATR from origin, regime stable",TREND,BULLISH,BULLISH,39.97303405494163,0.6897593811992947,NORMAL,0.0003632935466264936,1.2540608085622431,GOOD
2026-09-22T13:55:13.288Z,ETH/USD,BUY,PULLBACK_CONTINUATION,,APPROVED,true,,,,,,,,,,,,,,,,BUY_ALLOWED,"Intent approved: price 0.17 ATR from origin, regime stable",PULLBACK_CONTINUATION,intent-ETH/USD-mucqh41j-i354n9,2026-09-22T13:52:22.711Z,"Intent approved: price 0.17 ATR from origin, regime stable",TREND,BULLISH,BULLISH,39.97303405494163,0.6897593811992947,NORMAL,0.005451700658023574,1.1639824740582927,GOOD
2026-09-22T14:00:29.550Z,BTC/USD,BUY,PULLBACK_CONTINUATION,,APPROVED,true,,,,,,,,,,,,,,,,BUY_ALLOWED,"Intent approved: price 0.30 ATR from origin, regime stable",PULLBACK_CONTINUATION,intent-BTC/USD-mucqrk2l-ae7ipq,2026-09-22T14:00:30.045Z,"Intent approved: price 0.30 ATR from origin, regime stable",TREND,BULLISH,BULLISH,41.60612933569244,0.6056281454606501,LOW,0.0001159445159012325,1.1508272922565979,GOOD
2026-09-22T14:01:29.564Z,BTC/USD,BUY,PULLBACK_CONTINUATION,,APPROVED,true,,,,,,,,,,,,,,,,BUY_ALLOWED,"Intent approved: price 0.52 ATR from origin, regime stable",PULLBACK_CONTINUATION,intent-BTC/USD-mucqrk2l-ae7ipq,2026-09-22T14:00:30.045Z,"Intent approved: price 0.52 ATR from origin, regime stable",TREND,BULLISH,BULLISH,41.60612933569244,0.6056281454606501,LOW,0.00011602509623506773,1.1508272922565979,GOOD
2026-09-22T14:02:29.607Z,BTC/USD,BUY,PULLBACK_CONTINUATION,,APPROVED,true,,,,,,,,,,,,,,,,BUY_ALLOWED,"Intent approved: price 0.66 ATR from origin, regime stable",PULLBACK_CONTINUATION,intent-BTC/USD-mucqrk2l-ae7ipq,2026-09-22T14:00:30.045Z,"Intent approved: price 0.66 ATR from origin, regime stable",TREND,BULLISH,BULLISH,41.60612933569244,0.6056281454606501,LOW,0.00011606576519062439,1.1508272922565979,GOOD
2026-09-22T14:03:15.804Z,BTC/USD,BUY,PULLBACK_CONTINUATION,,APPROVED,true,,,,,,,,,,,,,,,,BUY_ALLOWED,"Intent approved: price 0.56 ATR from origin, regime stable",PULLBACK_CONTINUATION,intent-BTC/USD-mucqv5x1-uoiwck,2026-09-22T14:03:18.325Z,"Intent approved: price 0.56 ATR from origin, regime stable",TREND,BULLISH,BULLISH,41.60612933569244,0.6076814027758602,LOW,0.0001160591646477062,1.1514606836089998,GOOD
2026-09-22T14:04:06.795Z,BTC/USD,BUY,PULLBACK_CONTINUATION,,CHASED,false,,,,,,,,,,,,,,,,BUY_BLOCKED,"Chase: precio movió 0.84 ATR, actualizando origen",PULLBACK_CONTINUATION,intent-BTC/USD-mucqv5x1-uoiwck,2026-09-22T14:03:18.325Z,"Chase: precio movió 0.84 ATR, actualizando origen",TREND,BULLISH,BULLISH,41.60612933569244,0.6076814027758602,LOW,0.00011616149003342637,1.1514606836089998,GOOD
2026-09-22T14:05:06.806Z,BTC/USD,BUY,PULLBACK_CONTINUATION,,CHASED,false,,,,,,,,,,,,,,,,BUY_BLOCKED,"Chase: precio movió 0.83 ATR, actualizando origen",PULLBACK_CONTINUATION,intent-BTC/USD-mucqv5x1-uoiwck,2026-09-22T14:03:18.325Z,"Chase: precio movió 0.83 ATR, actualizando origen",TREND,BULLISH,BULLISH,41.60612933569244,0.6076814027758602,LOW,0.00011615231516684275,1.2962966788902894,GOOD
2026-09-22T14:06:06.856Z,BTC/USD,BUY,PULLBACK_CONTINUATION,,CHASED,false,,,,,,,,,,,,,,,,BUY_BLOCKED,"Chase: precio movió 0.87 ATR, actualizando origen",PULLBACK_CONTINUATION,intent-BTC/USD-mucqv5x1-uoiwck,2026-09-22T14:03:18.325Z,"Chase: precio movió 0.87 ATR, actualizando origen",TREND,BULLISH,BULLISH,41.60612933569244,0.6076814027758602,LOW,0.00011616850705609701,1.2962966788902894,GOOD
2026-09-22T14:15:07.188Z,BTC/USD,BUY,PULLBACK_CONTINUATION,,APPROVED,true,,,,,,,,,,,,,,,,BUY_ALLOWED,"Intent approved: price 0.06 ATR from origin, regime stable",PULLBACK_CONTINUATION,intent-BTC/USD-mucrad9n-8vhfyl,2026-09-22T14:15:07.691Z,"Intent approved: price 0.06 ATR from origin, regime stable",TREND,BULLISH,BULLISH,41.60612933569244,0.6076814027758602,LOW,0.00011582512954267116,1.5651373700352806,GOOD
2026-09-22T14:16:07.201Z,BTC/USD,BUY,PULLBACK_CONTINUATION,,APPROVED,true,,,,,,,,,,,,,,,,BUY_ALLOWED,"Intent approved: price 0.40 ATR from origin, regime stable",PULLBACK_CONTINUATION,intent-BTC/USD-mucrad9n-8vhfyl,2026-09-22T14:15:07.691Z,"Intent approved: price 0.40 ATR from origin, regime stable",TREND,BULLISH,BULLISH,41.60612933569244,0.6076814027758602,LOW,0.00011594733904430494,1.5651373700352806,GOOD
2026-09-22T14:17:08.333Z,BTC/USD,BUY,PULLBACK_CONTINUATION,,APPROVED,true,,,,,,,,,,,,,,,,BUY_ALLOWED,"Intent approved: price 0.47 ATR from origin, regime stable",PULLBACK_CONTINUATION,intent-BTC/USD-mucrad9n-8vhfyl,2026-09-22T14:15:07.691Z,"Intent approved: price 0.47 ATR from origin, regime stable",TREND,BULLISH,BULLISH,41.60612933569244,0.6076814027758602,LOW,0.0001159786715290579,1.5651373700352806,GOOD
2026-09-22T14:17:48.543Z,BTC/USD,BUY,PULLBACK_CONTINUATION,,APPROVED,true,,,,,,,,,,,,,,,,BUY_ALLOWED,"Intent approved: price 0.53 ATR from origin, regime stable",PULLBACK_CONTINUATION,intent-BTC/USD-mucrdvb0-x207ii,2026-09-22T14:17:51.036Z,"Intent approved: price 0.53 ATR from origin, regime stable",TREND,BULLISH,BULLISH,41.60612933569244,0.6076814027758602,LOW,0.00011602038478835941,1.5733234018909996,GOOD
2026-09-22T14:18:39.526Z,BTC/USD,BUY,PULLBACK_CONTINUATION,,CHASED,false,,,,,,,,,,,,,,,,BUY_BLOCKED,"Chase: precio movió 0.77 ATR, actualizando origen",PULLBACK_CONTINUATION,intent-BTC/USD-mucrdvb0-x207ii,2026-09-22T14:17:51.036Z,"Chase: precio movió 0.77 ATR, actualizando origen",TREND,BULLISH,BULLISH,41.60612933569244,0.6076814027758602,LOW,0.00011610026187089856,1.5733234018909996,GOOD
2026-09-22T14:19:39.526Z,BTC/USD,BUY,PULLBACK_CONTINUATION,,APPROVED,true,,,,,,,,,,,,,,,,BUY_ALLOWED,"Intent approved: price 0.70 ATR from origin, regime stable",PULLBACK_CONTINUATION,intent-BTC/USD-mucrdvb0-x207ii,2026-09-22T14:17:51.036Z,"Intent approved: price 0.70 ATR from origin, regime stable",TREND,BULLISH,BULLISH,41.60612933569244,0.6076814027758602,LOW,0.00011608894037064743,1.5733234018909996,GOOD
2026-09-22T14:20:40.334Z,BTC/USD,BUY,PULLBACK_CONTINUATION,,CHASED,false,,,,,,,,,,,,,,,,BUY_BLOCKED,"Chase: precio movió 0.89 ATR, actualizando origen",PULLBACK_CONTINUATION,intent-BTC/USD-mucrdvb0-x207ii,2026-09-22T14:17:51.036Z,"Chase: precio movió 0.89 ATR, actualizando origen",TREND,BULLISH,BULLISH,41.60612933569244,0.6076814027758602,LOW,0.00011613518368326308,1.4772745746432923,GOOD
2026-09-22T14:40:12.246Z,XRP/USD,BUY,BREAKOUT_RETEST,,EXECUTED,true,,,,,,,,,,true,,50,1658.5804077878247,1.4989671428571427,0.04659285714285723,BUY_EXECUTED,"Intent approved: price 0.51 ATR from origin, regime stable",BREAKOUT_RETEST,intent-XRP/USD-mucs6m9p-h8ay50,2026-09-22T14:40:12.349Z,"Intent approved: price 0.51 ATR from origin, regime stable",TREND,BULLISH,BULLISH,39.28871495864813,1.4668724740694392,NORMAL,0.0019415779203742385,1.6136699273275854,GOOD
2026-09-22T14:41:12.245Z,XRP/USD,BUY,BREAKOUT_RETEST,,EXECUTED,true,,,,,,,,,,true,,50,1661.4134600643847,1.5016071428571427,0.04659285714285723,BUY_EXECUTED,"Intent approved: price 0.34 ATR from origin, regime stable",BREAKOUT_RETEST,intent-XRP/USD-mucs7wjv-e9xccm,2026-09-22T14:41:12.331Z,"Intent approved: price 0.34 ATR from origin, regime stable",TREND,BULLISH,BULLISH,39.28871495864813,1.4668724740694392,NORMAL,0.01097315771977805,1.6136699273275854,GOOD
2026-09-22T14:42:12.256Z,XRP/USD,BUY,BREAKOUT_RETEST,,APPROVED,true,,,,,,,,,,false,MAX_LOTS_REACHED,0,0,0,0,BUY_ALLOWED,MAX_LOTS_REACHED,BREAKOUT_RETEST,intent-XRP/USD-mucs96v6-56tbmy,2026-09-22T14:42:12.354Z,"Intent approved: price 0.43 ATR from origin, regime stable",TREND,BULLISH,BULLISH,39.28871495864813,1.4668724740694392,NORMAL,0.02199195353229628,1.6136699273275854,GOOD
2026-09-22T14:42:51.322Z,XRP/USD,BUY,BREAKOUT_RETEST,,CHASED,false,,,,,,,,,,,,,,,,BUY_BLOCKED,"Chase: precio movió 0.76 ATR, actualizando origen",BREAKOUT_RETEST,intent-XRP/USD-mucsa0xv-cnxqoi,2026-09-22T14:42:51.331Z,"Chase: precio movió 0.76 ATR, actualizando origen",TREND,BULLISH,BULLISH,39.28871495864813,1.4668724740694392,NORMAL,0.040847421911718244,1.628089561492131,GOOD
2026-09-22T14:43:46.750Z,XRP/USD,BUY,BREAKOUT_RETEST,,APPROVED,true,,,,,,,,,,false,MAX_LOTS_REACHED,0,0,0,0,BUY_ALLOWED,MAX_LOTS_REACHED,BREAKOUT_RETEST,intent-XRP/USD-mucsa0xv-cnxqoi,2026-09-22T14:42:51.331Z,"Intent approved: price 0.65 ATR from origin, regime stable",TREND,BULLISH,BULLISH,39.28871495864813,1.4668724740694392,NORMAL,0.036899532929593706,1.628089561492131,GOOD
2026-09-22T14:44:46.763Z,XRP/USD,BUY,BREAKOUT_RETEST,,APPROVED,true,,,,,,,,,,false,MAX_LOTS_REACHED,0,0,0,0,BUY_ALLOWED,MAX_LOTS_REACHED,BREAKOUT_RETEST,intent-XRP/USD-mucsa0xv-cnxqoi,2026-09-22T14:42:51.331Z,"Intent approved: price 0.47 ATR from origin, regime stable",TREND,BULLISH,BULLISH,39.28871495864813,1.4668724740694392,NORMAL,0.0116443806159922,1.628089561492131,GOOD
2026-09-22T14:45:47.132Z,XRP/USD,BUY,BREAKOUT_RETEST,,APPROVED,true,,,,,,,,,,false,MAX_LOTS_REACHED,0,0,0,0,BUY_ALLOWED,MAX_LOTS_REACHED,BREAKOUT_RETEST,intent-XRP/USD-mucsa0xv-cnxqoi,2026-09-22T14:42:51.331Z,"Intent approved: price 0.26 ATR from origin, regime stable",TREND,BULLISH,BULLISH,39.28871495864813,1.4668724740694392,NORMAL,0.06071214049047278,1.5465968069297837,GOOD
2026-09-22T15:00:29.823Z,BTC/USD,BUY,PULLBACK_CONTINUATION,,APPROVED,true,,,,,,,,,,,,,,,,BUY_ALLOWED,"Intent approved: price 0.17 ATR from origin, regime stable",PULLBACK_CONTINUATION,intent-BTC/USD-mucswq2b-nj3mn2,2026-09-22T15:00:30.323Z,"Intent approved: price 0.17 ATR from origin, regime stable",TREND,BULLISH,BULLISH,40.58519061142145,0.6272425788766267,LOW,0.0001159387356600546,0.9534814202129941,GOOD
2026-09-22T15:01:18.589Z,BTC/USD,BUY,PULLBACK_CONTINUATION,,APPROVED,true,,,,,,,,,,,,,,,,BUY_ALLOWED,"Intent approved: price 0.20 ATR from origin, regime stable",PULLBACK_CONTINUATION,intent-BTC/USD-mucsxsva-buwdi6,2026-09-22T15:01:20.614Z,"Intent approved: price 0.20 ATR from origin, regime stable",TREND,BULLISH,BULLISH,40.58519061142145,0.6268891232877803,LOW,0.00011603761708145756,0.9893088181838369,GOOD
2026-09-22T15:02:09.061Z,BTC/USD,BUY,PULLBACK_CONTINUATION,,APPROVED,true,,,,,,,,,,,,,,,,BUY_ALLOWED,"Intent approved: price 0.02 ATR from origin, regime stable",PULLBACK_CONTINUATION,intent-BTC/USD-mucsxsva-buwdi6,2026-09-22T15:01:20.614Z,"Intent approved: price 0.02 ATR from origin, regime stable",TREND,BULLISH,BULLISH,40.58519061142145,0.6268891232877803,LOW,0.00011596320488184309,0.9893088181838369,GOOD
2026-09-22T15:03:09.070Z,BTC/USD,BUY,PULLBACK_CONTINUATION,,APPROVED,true,,,,,,,,,,,,,,,,BUY_ALLOWED,"Intent approved: price 0.07 ATR from origin, regime stable",PULLBACK_CONTINUATION,intent-BTC/USD-mucsxsva-buwdi6,2026-09-22T15:01:20.614Z,"Intent approved: price 0.07 ATR from origin, regime stable",TREND,BULLISH,BULLISH,40.58519061142145,0.6268891232877803,LOW,0.0001159956223150857,0.9893088181838369,GOOD
2026-09-22T15:04:09.098Z,BTC/USD,BUY,PULLBACK_CONTINUATION,,APPROVED,true,,,,,,,,,,,,,,,,BUY_ALLOWED,"Intent approved: price 0.04 ATR from origin, regime stable",PULLBACK_CONTINUATION,intent-BTC/USD-mucsxsva-buwdi6,2026-09-22T15:01:20.614Z,"Intent approved: price 0.04 ATR from origin, regime stable",TREND,BULLISH,BULLISH,40.58519061142145,0.6268891232877803,LOW,0.00011596683581104685,0.9893088181838369,GOOD
2026-09-22T15:04:55.754Z,BTC/USD,BUY,PULLBACK_CONTINUATION,,APPROVED,true,,,,,,,,,,,,,,,,BUY_ALLOWED,"Intent approved: price 0.03 ATR from origin, regime stable",PULLBACK_CONTINUATION,intent-BTC/USD-muct2gfy-892is0,2026-09-22T15:04:57.790Z,"Intent approved: price 0.03 ATR from origin, regime stable",TREND,BULLISH,BULLISH,40.58519061142145,0.6268891232877803,LOW,0.00011596683581104685,0.9893088181838369,GOOD
2026-09-22T15:05:46.275Z,BTC/USD,BUY,PULLBACK_CONTINUATION,,APPROVED,true,,,,,,,,,,,,,,,,BUY_ALLOWED,"Intent approved: price 0.08 ATR from origin, regime stable",PULLBACK_CONTINUATION,intent-BTC/USD-muct2gfy-892is0,2026-09-22T15:04:57.790Z,"Intent approved: price 0.08 ATR from origin, regime stable",TREND,BULLISH,BULLISH,40.58519061142145,0.6268891232877803,LOW,0.00011591024604994556,0.8610527355806847,GOOD
2026-09-22T15:06:46.257Z,BTC/USD,BUY,PULLBACK_CONTINUATION,,APPROVED,true,,,,,,,,,,,,,,,,BUY_ALLOWED,"Intent approved: price 0.12 ATR from origin, regime stable",PULLBACK_CONTINUATION,intent-BTC/USD-muct2gfy-892is0,2026-09-22T15:04:57.790Z,"Intent approved: price 0.12 ATR from origin, regime stable",TREND,BULLISH,BULLISH,40.58519061142145,0.6268891232877803,LOW,0.00011587263973663176,0.8610527355806847,GOOD
2026-09-22T15:07:46.347Z,BTC/USD,BUY,PULLBACK_CONTINUATION,,APPROVED,true,,,,,,,,,,,,,,,,BUY_ALLOWED,"Intent approved: price 0.10 ATR from origin, regime stable",PULLBACK_CONTINUATION,intent-BTC/USD-muct2gfy-892is0,2026-09-22T15:04:57.790Z,"Intent approved: price 0.10 ATR from origin, regime stable",TREND,BULLISH,BULLISH,40.58519061142145,0.6268891232877803,LOW,0.00011590258850034087,0.8610527355806847,GOOD
2026-09-22T15:10:16.346Z,BTC/USD,BUY,PULLBACK_CONTINUATION,,EXECUTED,true,,,,,,,,,,true,,50,3986.69295707661,85137.17142857143,1081.3285714285719,BUY_EXECUTED,"Intent approved: price 0.08 ATR from origin, regime stable",PULLBACK_CONTINUATION,intent-BTC/USD-muct9amj-w1hjln,2026-09-22T15:10:16.843Z,"Intent approved: price 0.08 ATR from origin, regime stable",TREND,BULLISH,BULLISH,40.58519061142145,0.6268891232877803,LOW,0.0001159844557699898,1.0014357379623662,GOOD
2026-09-22T15:11:16.879Z,BTC/USD,BUY,PULLBACK_CONTINUATION,,APPROVED,true,,,,,,,,,,false,INSUFFICIENT_CAPITAL,50,3985.4213731784957,85109.67142857143,1081.3285714285719,BUY_ALLOWED,INSUFFICIENT_CAPITAL,PULLBACK_CONTINUATION,intent-BTC/USD-muctakyq-a6xmtm,2026-09-22T15:11:16.898Z,"Intent approved: price 0.17 ATR from origin, regime stable",TREND,BULLISH,BULLISH,40.58519061142145,0.6268891232877803,LOW,0.00011602146165672936,1.0014357379623662,GOOD
2026-09-22T15:25:29.944Z,XRP/USD,BUY,PULLBACK_CONTINUATION,,APPROVED,true,,,,,,,,,,false,MAX_LOTS_REACHED,0,0,0,0,BUY_ALLOWED,MAX_LOTS_REACHED,PULLBACK_CONTINUATION,intent-XRP/USD-muctsvbk-xcvn09,2026-09-22T15:25:30.128Z,"Intent approved: price 0.34 ATR from origin, regime stable",TREND,BULLISH,BULLISH,39.81899020447902,1.6551430087018628,NORMAL,0.0006322211509627472,1.6190873368428957,GOOD
2026-09-22T15:26:06.941Z,XRP/USD,BUY,PULLBACK_CONTINUATION,,APPROVED,true,,,,,,,,,,false,MAX_LOTS_REACHED,0,0,0,0,BUY_ALLOWED,MAX_LOTS_REACHED,PULLBACK_CONTINUATION,intent-XRP/USD-mucttnqf-56nxbl,2026-09-22T15:26:06.951Z,"Intent approved: price 0.40 ATR from origin, regime stable",TREND,BULLISH,BULLISH,39.81899020447902,1.6551430087018628,NORMAL,0.023397211937635772,1.635753046395994,GOOD
2026-09-22T15:27:02.374Z,XRP/USD,BUY,PULLBACK_CONTINUATION,,APPROVED,true,,,,,,,,,,false,MAX_LOTS_REACHED,0,0,0,0,BUY_ALLOWED,MAX_LOTS_REACHED,PULLBACK_CONTINUATION,intent-XRP/USD-mucttnqf-56nxbl,2026-09-22T15:26:06.951Z,"Intent approved: price 0.57 ATR from origin, regime stable",TREND,BULLISH,BULLISH,39.81899020447902,1.6551430087018628,NORMAL,0.0006309207973478277,1.635753046395994,GOOD
2026-09-22T15:28:02.389Z,XRP/USD,BUY,PULLBACK_CONTINUATION,,APPROVED,true,,,,,,,,,,false,MAX_LOTS_REACHED,0,0,0,0,BUY_ALLOWED,MAX_LOTS_REACHED,PULLBACK_CONTINUATION,intent-XRP/USD-mucttnqf-56nxbl,2026-09-22T15:26:06.951Z,"Intent approved: price 0.42 ATR from origin, regime stable",TREND,BULLISH,BULLISH,39.81899020447902,1.6551430087018628,NORMAL,0.015169711143418111,1.635753046395994,GOOD
2026-09-22T15:29:02.377Z,XRP/USD,BUY,PULLBACK_CONTINUATION,,APPROVED,true,,,,,,,,,,false,MAX_LOTS_REACHED,0,0,0,0,BUY_ALLOWED,MAX_LOTS_REACHED,PULLBACK_CONTINUATION,intent-XRP/USD-mucttnqf-56nxbl,2026-09-22T15:26:06.951Z,"Intent approved: price 0.27 ATR from origin, regime stable",TREND,BULLISH,BULLISH,39.81899020447902,1.6551430087018628,NORMAL,0.018359601280115188,1.635753046395994,GOOD
2026-09-22T15:29:43.387Z,XRP/USD,BUY,PULLBACK_CONTINUATION,,APPROVED,true,,,,,,,,,,false,MAX_LOTS_REACHED,0,0,0,0,BUY_ALLOWED,MAX_LOTS_REACHED,PULLBACK_CONTINUATION,intent-XRP/USD-muctyaqt-dcbjmw,2026-09-22T15:29:43.397Z,"Intent approved: price 0.39 ATR from origin, regime stable",TREND,BULLISH,BULLISH,39.81899020447902,1.6551430087018628,NORMAL,0.00695487236228907,1.635753046395994,GOOD
2026-09-22T15:30:38.817Z,XRP/USD,BUY,PULLBACK_CONTINUATION,,APPROVED,true,,,,,,,,,,,,,,,,BUY_ALLOWED,"Intent approved: price 0.34 ATR from origin, regime stable",PULLBACK_CONTINUATION,intent-XRP/USD-muctyaqt-dcbjmw,2026-09-22T15:29:43.397Z,"Intent approved: price 0.34 ATR from origin, regime stable",TREND,BULLISH,BULLISH,39.81899020447902,1.6551430087018628,NORMAL,0.012650941546323192,1.6518099719134496,GOOD
2026-09-22T15:31:38.828Z,XRP/USD,BUY,PULLBACK_CONTINUATION,,APPROVED,true,,,,,,,,,,,,,,,,BUY_ALLOWED,"Intent approved: price 0.33 ATR from origin, regime stable",PULLBACK_CONTINUATION,intent-XRP/USD-muctyaqt-dcbjmw,2026-09-22T15:29:43.397Z,"Intent approved: price 0.33 ATR from origin, regime stable",TREND,BULLISH,BULLISH,39.81899020447902,1.6551430087018628,NORMAL,0.018985539347528203,1.6518099719134496,GOOD
2026-09-22T15:32:38.839Z,XRP/USD,BUY,PULLBACK_CONTINUATION,,APPROVED,true,,,,,,,,,,,,,,,,BUY_ALLOWED,"Intent approved: price 0.24 ATR from origin, regime stable",PULLBACK_CONTINUATION,intent-XRP/USD-muctyaqt-dcbjmw,2026-09-22T15:29:43.397Z,"Intent approved: price 0.24 ATR from origin, regime stable",TREND,BULLISH,BULLISH,39.81899020447902,1.6551430087018628,NORMAL,0.0006335389167159567,1.6518099719134496,GOOD
2026-09-22T15:45:58.213Z,BTC/USD,BUY,PULLBACK_CONTINUATION,,APPROVED,true,,,,,,,,,,,,,,,,BUY_ALLOWED,"Intent approved: price 0.38 ATR from origin, regime stable",PULLBACK_CONTINUATION,intent-BTC/USD-mucuj6x6-o20inp,2026-09-22T15:45:58.218Z,"Intent approved: price 0.38 ATR from origin, regime stable",TREND,BULLISH,BULLISH,40.58519061142145,0.6268891232877803,LOW,0.00011547364111054331,1.2692232364126304,GOOD
2026-09-22T15:46:58.373Z,BTC/USD,BUY,PULLBACK_CONTINUATION,,APPROVED,true,,,,,,,,,,,,,,,,BUY_ALLOWED,"Intent approved: price 0.20 ATR from origin, regime stable",PULLBACK_CONTINUATION,intent-BTC/USD-mucuj6x6-o20inp,2026-09-22T15:45:58.218Z,"Intent approved: price 0.20 ATR from origin, regime stable",TREND,BULLISH,BULLISH,40.58519061142145,0.6268891232877803,LOW,0.00011555677276028818,1.2692232364126304,GOOD
2026-09-22T15:47:47.397Z,BTC/USD,BUY,PULLBACK_CONTINUATION,,APPROVED,true,,,,,,,,,,false,INSUFFICIENT_CAPITAL,50,3995.9547117963334,85337.47142857143,1081.3285714285719,BUY_ALLOWED,INSUFFICIENT_CAPITAL,PULLBACK_CONTINUATION,intent-BTC/USD-muculj66-t0asam,2026-09-22T15:47:47.406Z,"Intent approved: price 0.38 ATR from origin, regime stable",TREND,BULLISH,BULLISH,40.58519061142145,0.6268891232877803,LOW,0.00011570652429266666,1.4051233576651714,GOOD
2026-09-22T15:48:36.402Z,BTC/USD,BUY,PULLBACK_CONTINUATION,,APPROVED,true,,,,,,,,,,false,INSUFFICIENT_CAPITAL,50,4001.373971173026,85454.67142857143,1081.3285714285719,BUY_ALLOWED,INSUFFICIENT_CAPITAL,PULLBACK_CONTINUATION,intent-BTC/USD-muculj66-t0asam,2026-09-22T15:47:47.406Z,"Intent approved: price 0.04 ATR from origin, regime stable",TREND,BULLISH,BULLISH,40.58519061142145,0.6268891232877803,LOW,0.00011555890933862836,1.4051233576651714,GOOD
2026-09-22T15:49:36.390Z,BTC/USD,BUY,PULLBACK_CONTINUATION,,APPROVED,true,,,,,,,,,,false,INSUFFICIENT_CAPITAL,50,4000.6896278387676,85439.87142857142,1081.3285714285719,BUY_ALLOWED,INSUFFICIENT_CAPITAL,PULLBACK_CONTINUATION,intent-BTC/USD-muculj66-t0asam,2026-09-22T15:47:47.406Z,"Intent approved: price 0.08 ATR from origin, regime stable",TREND,BULLISH,BULLISH,40.58519061142145,0.6268891232877803,LOW,0.00011557974510189666,1.4051233576651714,GOOD
2026-09-22T15:50:36.543Z,BTC/USD,BUY,PULLBACK_CONTINUATION,,APPROVED,true,,,,,,,,,,false,INSUFFICIENT_CAPITAL,50,3996.9396113246917,85358.77142857143,1081.3285714285719,BUY_ALLOWED,INSUFFICIENT_CAPITAL,PULLBACK_CONTINUATION,intent-BTC/USD-muculj66-t0asam,2026-09-22T15:47:47.406Z,"Intent approved: price 0.31 ATR from origin, regime stable",TREND,BULLISH,BULLISH,40.58519061142145,0.6268891232877803,LOW,0.00011568711494940224,1.4351535746162574,GOOD
2026-09-22T16:26:57.671Z,BTC/USD,BUY,BREAKOUT_RETEST,,APPROVED,true,,,,,,,,,,false,INSUFFICIENT_CAPITAL,50,3955.7468098779,85090.59999999999,1089.3000000000009,BUY_ALLOWED,INSUFFICIENT_CAPITAL,BREAKOUT_RETEST,intent-BTC/USD-mucvzwni-iuolyl,2026-09-22T16:26:57.678Z,"Intent approved: price 0.00 ATR from origin, regime stable",TREND,BULLISH,BULLISH,40.129852643126426,0.6303600569424678,LOW,0.00011603600131964131,0.9468347815325283,GOOD
2026-09-22T16:27:46.663Z,BTC/USD,BUY,BREAKOUT_RETEST,,APPROVED,true,,,,,,,,,,false,INSUFFICIENT_CAPITAL,50,3951.643257137608,85001.2,1089.3000000000009,BUY_ALLOWED,INSUFFICIENT_CAPITAL,BREAKOUT_RETEST,intent-BTC/USD-mucvzwni-iuolyl,2026-09-22T16:26:57.678Z,"Intent approved: price 0.25 ATR from origin, regime stable",TREND,BULLISH,BULLISH,40.129852643126426,0.6303600569424678,LOW,0.0001161567675033099,0.9468347815325283,GOOD
2026-09-22T16:28:46.665Z,BTC/USD,BUY,BREAKOUT_RETEST,,APPROVED,true,,,,,,,,,,false,INSUFFICIENT_CAPITAL,50,3951.914073258052,85007.09999999999,1089.3000000000009,BUY_ALLOWED,INSUFFICIENT_CAPITAL,BREAKOUT_RETEST,intent-BTC/USD-mucvzwni-iuolyl,2026-09-22T16:26:57.678Z,"Intent approved: price 0.23 ATR from origin, regime stable",TREND,BULLISH,BULLISH,40.129852643126426,0.6303600569424678,LOW,0.00011614894242470075,0.9468347815325283,GOOD
2026-09-22T16:29:46.801Z,BTC/USD,BUY,BREAKOUT_RETEST,,APPROVED,true,,,,,,,,,,false,INSUFFICIENT_CAPITAL,50,3952.547507573668,85020.9,1089.3000000000009,BUY_ALLOWED,INSUFFICIENT_CAPITAL,BREAKOUT_RETEST,intent-BTC/USD-mucvzwni-iuolyl,2026-09-22T16:26:57.678Z,"Intent approved: price 0.19 ATR from origin, regime stable",TREND,BULLISH,BULLISH,40.129852643126426,0.6303600569424678,LOW,0.00011613167705321544,0.9468347815325283,GOOD
2026-09-22T17:30:45.865Z,TON/USD,BUY,PULLBACK_CONTINUATION,,APPROVED,true,,,,,,,,,,,,,,,,BUY_ALLOWED,"Intent approved: price 0.13 ATR from origin, regime stable",PULLBACK_CONTINUATION,intent-TON/USD-mucy9zfs-ng3t6f,2026-09-22T17:30:47.080Z,"Intent approved: price 0.13 ATR from origin, regime stable",TREND,BULLISH,BULLISH,33.416308144472055,0.9126984126984169,NORMAL,0.06913238852403125,1.684553055185066,GOOD
2026-09-22T17:31:26.534Z,TON/USD,BUY,PULLBACK_CONTINUATION,,APPROVED,true,,,,,,,,,,,,,,,,BUY_ALLOWED,"Intent approved: price 0.13 ATR from origin, regime stable",PULLBACK_CONTINUATION,intent-TON/USD-mucyawja-gajvnq,2026-09-22T17:31:29.974Z,"Intent approved: price 0.13 ATR from origin, regime stable",TREND,BULLISH,BULLISH,33.416308144472055,0.9126984126984169,NORMAL,0.06913238852403125,1.7449324431999178,GOOD
2026-09-22T17:31:35.025Z,BTC/USD,BUY,PULLBACK_CONTINUATION,,APPROVED,true,,,,,,,,,,,,,,,,BUY_ALLOWED,"Intent approved: price 0.06 ATR from origin, regime stable",PULLBACK_CONTINUATION,intent-BTC/USD-mucyb0fx-kr230u,2026-09-22T17:31:35.037Z,"Intent approved: price 0.06 ATR from origin, regime stable",TREND,BULLISH,BULLISH,39.544527812897925,0.6318212577430495,LOW,0.00011546684110529568,0.700874593983256,GOOD
2026-09-22T17:32:22.010Z,TON/USD,BUY,PULLBACK_CONTINUATION,,APPROVED,true,,,,,,,,,,,,,,,,BUY_ALLOWED,"Intent approved: price 0.13 ATR from origin, regime stable",PULLBACK_CONTINUATION,intent-TON/USD-mucyawja-gajvnq,2026-09-22T17:31:29.974Z,"Intent approved: price 0.13 ATR from origin, regime stable",TREND,BULLISH,BULLISH,33.416308144472055,0.9126984126984169,NORMAL,0.06913238852403125,1.7449324431999178,GOOD
2026-09-22T17:32:23.978Z,BTC/USD,BUY,PULLBACK_CONTINUATION,,APPROVED,true,,,,,,,,,,,,,,,,BUY_ALLOWED,"Intent approved: price 0.08 ATR from origin, regime stable",PULLBACK_CONTINUATION,intent-BTC/USD-mucyb0fx-kr230u,2026-09-22T17:31:35.037Z,"Intent approved: price 0.08 ATR from origin, regime stable",TREND,BULLISH,BULLISH,39.544527812897925,0.6318212577430495,LOW,0.00011545790894327595,0.700874593983256,GOOD
2026-09-22T17:33:22.003Z,TON/USD,BUY,PULLBACK_CONTINUATION,,APPROVED,true,,,,,,,,,,,,,,,,BUY_ALLOWED,"Intent approved: price 0.13 ATR from origin, regime stable",PULLBACK_CONTINUATION,intent-TON/USD-mucyawja-gajvnq,2026-09-22T17:31:29.974Z,"Intent approved: price 0.13 ATR from origin, regime stable",TREND,BULLISH,BULLISH,33.416308144472055,0.9126984126984169,NORMAL,0.06913238852403125,1.7449324431999178,GOOD
2026-09-22T17:33:23.970Z,BTC/USD,BUY,PULLBACK_CONTINUATION,,APPROVED,true,,,,,,,,,,,,,,,,BUY_ALLOWED,"Intent approved: price 0.04 ATR from origin, regime stable",PULLBACK_CONTINUATION,intent-BTC/USD-mucyb0fx-kr230u,2026-09-22T17:31:35.037Z,"Intent approved: price 0.04 ATR from origin, regime stable",TREND,BULLISH,BULLISH,39.544527812897925,0.6318212577430495,LOW,0.00011547510790377549,0.700874593983256,GOOD
2026-09-22T17:34:22.032Z,TON/USD,BUY,PULLBACK_CONTINUATION,,APPROVED,true,,,,,,,,,,,,,,,,BUY_ALLOWED,"Intent approved: price 0.26 ATR from origin, regime stable",PULLBACK_CONTINUATION,intent-TON/USD-mucyawja-gajvnq,2026-09-22T17:31:29.974Z,"Intent approved: price 0.26 ATR from origin, regime stable",TREND,BULLISH,BULLISH,33.416308144472055,0.9126984126984169,NORMAL,0.0691802144586572,1.7449324431999178,GOOD
2026-09-22T17:34:24.043Z,BTC/USD,BUY,PULLBACK_CONTINUATION,,APPROVED,true,,,,,,,,,,,,,,,,BUY_ALLOWED,"Intent approved: price 0.00 ATR from origin, regime stable",PULLBACK_CONTINUATION,intent-BTC/USD-mucyb0fx-kr230u,2026-09-22T17:31:35.037Z,"Intent approved: price 0.00 ATR from origin, regime stable",TREND,BULLISH,BULLISH,39.544527812897925,0.6318212577430495,LOW,0.00011548177553902074,0.700874593983256,GOOD
2026-09-22T18:15:58.015Z,ETH/USD,BUY,PULLBACK_CONTINUATION,,EXECUTED,true,,,,,,,,,,true,,50,3318.0944838509736,2711.7714285714287,41.48857142857144,BUY_EXECUTED,"Intent approved: price 0.07 ATR from origin, regime stable",PULLBACK_CONTINUATION,intent-ETH/USD-muczw3lg-7jb6s6,2026-09-22T18:15:58.516Z,"Intent approved: price 0.07 ATR from origin, regime stable",TREND,BULLISH,BULLISH,32.42514941419586,0.7532748599897496,LOW,0.00036307458823595773,0.8104177738867466,GOOD
2026-09-22T18:16:58.525Z,ETH/USD,BUY,PULLBACK_CONTINUATION,,EXECUTED,true,,,,,,,,,,true,,50,3320.902486054679,2714.1014285714286,41.48857142857144,BUY_EXECUTED,"Intent approved: price 0.15 ATR from origin, regime stable",PULLBACK_CONTINUATION,intent-ETH/USD-muczxdwr-tpo8gm,2026-09-22T18:16:58.539Z,"Intent approved: price 0.15 ATR from origin, regime stable",TREND,BULLISH,BULLISH,32.42514941419586,0.7532748599897496,LOW,0.00036292305485994007,0.8104177738867466,GOOD
2026-09-22T18:55:50.940Z,TON/USD,BUY,PULLBACK_CONTINUATION,,CHASED,false,,,,,,,,,,,,,,,,BUY_BLOCKED,"Chase: precio movió 1.18 ATR, actualizando origen",PULLBACK_CONTINUATION,intent-TON/USD-mud1bgao-cixa1x,2026-09-22T18:55:54.432Z,"Chase: precio movió 1.18 ATR, actualizando origen",TREND,BULLISH,BULLISH,33.83249075929259,0.8638562543192847,NORMAL,0.06875214850464847,1.2614532638379294,GOOD
2026-09-22T18:56:46.490Z,TON/USD,BUY,PULLBACK_CONTINUATION,,CHASED,false,,,,,,,,,,,,,,,,BUY_BLOCKED,"Chase: precio movió 1.18 ATR, actualizando origen",PULLBACK_CONTINUATION,intent-TON/USD-mud1bgao-cixa1x,2026-09-22T18:55:54.432Z,"Chase: precio movió 1.18 ATR, actualizando origen",TREND,BULLISH,BULLISH,33.83249075929259,0.8638562543192847,NORMAL,0.06875214850464847,1.2614532638379294,GOOD
2026-09-22T18:57:46.466Z,TON/USD,BUY,PULLBACK_CONTINUATION,,CHASED,false,,,,,,,,,,,,,,,,BUY_BLOCKED,"Chase: precio movió 1.18 ATR, actualizando origen",PULLBACK_CONTINUATION,intent-TON/USD-mud1bgao-cixa1x,2026-09-22T18:55:54.432Z,"Chase: precio movió 1.18 ATR, actualizando origen",TREND,BULLISH,BULLISH,33.83249075929259,0.8638562543192847,NORMAL,0.1376462491397111,1.2614532638379294,GOOD
2026-09-22T18:58:46.749Z,TON/USD,BUY,PULLBACK_CONTINUATION,,CHASED,false,,,,,,,,,,,,,,,,BUY_BLOCKED,"Chase: precio movió 1.18 ATR, actualizando origen",PULLBACK_CONTINUATION,intent-TON/USD-mud1bgao-cixa1x,2026-09-22T18:55:54.432Z,"Chase: precio movió 1.18 ATR, actualizando origen",TREND,BULLISH,BULLISH,33.83249075929259,0.8638562543192847,NORMAL,0.13745704467353964,1.2614532638379294,GOOD
2026-09-22T18:59:13.194Z,TON/USD,BUY,PULLBACK_CONTINUATION,,CHASED,false,,,,,,,,,,,,,,,,BUY_BLOCKED,"Chase: precio movió 1.18 ATR, actualizando origen",PULLBACK_CONTINUATION,intent-TON/USD-mud1fsd5-4n2hma,2026-09-22T18:59:16.697Z,"Chase: precio movió 1.18 ATR, actualizando origen",TREND,BULLISH,BULLISH,33.83249075929259,0.8638562543192847,NORMAL,0.06870491240122913,1.2614532638379294,GOOD
2026-09-22T19:00:08.714Z,TON/USD,BUY,PULLBACK_CONTINUATION,,CHASED,false,,,,,,,,,,,,,,,,BUY_BLOCKED,"Chase: precio movió 1.35 ATR, actualizando origen",PULLBACK_CONTINUATION,intent-TON/USD-mud1fsd5-4n2hma,2026-09-22T18:59:16.697Z,"Chase: precio movió 1.35 ATR, actualizando origen",TREND,BULLISH,BULLISH,34.655550658159946,0.8983799705449224,NORMAL,0.06865774116032351,1.8399233666631887,GOOD
2026-09-22T19:20:43.810Z,XRP/USD,BUY,PULLBACK_CONTINUATION,,CHASED,false,,,,,,,,,,,,,,,,BUY_BLOCKED,"Chase: precio movió 0.82 ATR, actualizando origen",PULLBACK_CONTINUATION,intent-XRP/USD-mud27dky-aa81cs,2026-09-22T19:20:43.906Z,"Chase: precio movió 0.82 ATR, actualizando origen",TREND,BULLISH,BULLISH,38.592742839362366,1.7364617677611685,HIGH,0.02253676309479313,2.018983937947728,GOOD
2026-09-22T19:21:43.810Z,XRP/USD,BUY,PULLBACK_CONTINUATION,,CHASED,false,,,,,,,,,,,,,,,,BUY_BLOCKED,"Chase: precio movió 0.77 ATR, actualizando origen",PULLBACK_CONTINUATION,intent-XRP/USD-mud27dky-aa81cs,2026-09-22T19:20:43.906Z,"Chase: precio movió 0.77 ATR, actualizando origen",TREND,BULLISH,BULLISH,38.592742839362366,1.7364617677611685,HIGH,0.026304582007657448,2.018983937947728,GOOD
2026-09-22T19:22:43.809Z,XRP/USD,BUY,PULLBACK_CONTINUATION,,CHASED,false,,,,,,,,,,,,,,,,BUY_BLOCKED,"Chase: precio movió 0.94 ATR, actualizando origen",PULLBACK_CONTINUATION,intent-XRP/USD-mud27dky-aa81cs,2026-09-22T19:20:43.906Z,"Chase: precio movió 0.94 ATR, actualizando origen",TREND,BULLISH,BULLISH,38.592742839362366,1.7364617677611685,HIGH,0.030648656932075788,2.018983937947728,GOOD
2026-09-22T19:23:18.382Z,XRP/USD,BUY,PULLBACK_CONTINUATION,,CHASED,false,,,,,,,,,,,,,,,,BUY_BLOCKED,"Chase: precio movió 0.75 ATR, actualizando origen",PULLBACK_CONTINUATION,intent-XRP/USD-mud2aqou-3nigo9,2026-09-22T19:23:20.862Z,"Chase: precio movió 0.75 ATR, actualizando origen",TREND,BULLISH,BULLISH,38.592742839362366,1.7364617677611685,HIGH,0.0025053395048221525,2.043147219324988,GOOD
2026-09-22T19:24:16.302Z,XRP/USD,BUY,PULLBACK_CONTINUATION,,CHASED,false,,,,,,,,,,,,,,,,BUY_BLOCKED,"Chase: precio movió 0.83 ATR, actualizando origen",PULLBACK_CONTINUATION,intent-XRP/USD-mud2aqou-3nigo9,2026-09-22T19:23:20.862Z,"Chase: precio movió 0.83 ATR, actualizando origen",TREND,BULLISH,BULLISH,38.592742839362366,1.7364617677611685,HIGH,0.011271345109792105,2.043147219324988,GOOD
2026-09-22T19:25:16.300Z,XRP/USD,BUY,PULLBACK_CONTINUATION,,CHASED,false,,,,,,,,,,,,,,,,BUY_BLOCKED,"Chase: precio movió 0.93 ATR, actualizando origen",PULLBACK_CONTINUATION,intent-XRP/USD-mud2aqou-3nigo9,2026-09-22T19:23:20.862Z,"Chase: precio movió 0.93 ATR, actualizando origen",TREND,BULLISH,BULLISH,38.592742839362366,1.7364617677611685,HIGH,0.003754505406484593,2.0511105022288856,GOOD
2026-09-22T19:26:16.445Z,XRP/USD,BUY,PULLBACK_CONTINUATION,,CHASED,false,,,,,,,,,,,,,,,,BUY_BLOCKED,"Chase: precio movió 0.76 ATR, actualizando origen",PULLBACK_CONTINUATION,intent-XRP/USD-mud2aqou-3nigo9,2026-09-22T19:23:20.862Z,"Chase: precio movió 0.76 ATR, actualizando origen",TREND,BULLISH,BULLISH,38.592742839362366,1.7364617677611685,HIGH,0.006890007297147505,2.0511105022288856,GOOD
2026-09-22T22:45:53.215Z,TON/USD,BUY,PULLBACK_CONTINUATION,,APPROVED,true,,,,,,,,,,,,,,,,BUY_ALLOWED,"Intent approved: price 0.13 ATR from origin, regime stable",PULLBACK_CONTINUATION,intent-TON/USD-mud9j7up-lghq4e,2026-09-22T22:45:53.665Z,"Intent approved: price 0.13 ATR from origin, regime stable",TREND,BULLISH,BULLISH,38.649068817618186,0.9586078065087026,NORMAL,0.06842285323297227,2.1941913140885565,GOOD
2026-09-22T22:46:53.738Z,TON/USD,BUY,PULLBACK_CONTINUATION,,APPROVED,true,,,,,,,,,,,,,,,,BUY_ALLOWED,"Intent approved: price 0.39 ATR from origin, regime stable",PULLBACK_CONTINUATION,intent-TON/USD-mud9j7up-lghq4e,2026-09-22T22:45:53.665Z,"Intent approved: price 0.39 ATR from origin, regime stable",TREND,BULLISH,BULLISH,38.649068817618186,0.9586078065087026,NORMAL,0.06846970215680329,2.1941913140885565,GOOD
2026-09-22T22:47:20.080Z,TON/USD,BUY,PULLBACK_CONTINUATION,,APPROVED,true,,,,,,,,,,,,,,,,BUY_ALLOWED,"Intent approved: price 0.26 ATR from origin, regime stable",PULLBACK_CONTINUATION,intent-TON/USD-mud9l57a-fmqdk9,2026-09-22T22:47:23.542Z,"Intent approved: price 0.26 ATR from origin, regime stable",TREND,BULLISH,BULLISH,38.649068817618186,0.9586078065087026,NORMAL,0.06846970215680329,2.220518266533135,GOOD
2026-09-22T22:48:18.070Z,TON/USD,BUY,PULLBACK_CONTINUATION,,APPROVED,true,,,,,,,,,,,,,,,,BUY_ALLOWED,"Intent approved: price 0.39 ATR from origin, regime stable",PULLBACK_CONTINUATION,intent-TON/USD-mud9l57a-fmqdk9,2026-09-22T22:47:23.542Z,"Intent approved: price 0.39 ATR from origin, regime stable",TREND,BULLISH,BULLISH,38.649068817618186,0.9586078065087026,NORMAL,0.06846970215680329,2.220518266533135,GOOD
2026-09-22T22:49:18.063Z,TON/USD,BUY,PULLBACK_CONTINUATION,,APPROVED,true,,,,,,,,,,,,,,,,BUY_ALLOWED,"Intent approved: price 0.51 ATR from origin, regime stable",PULLBACK_CONTINUATION,intent-TON/USD-mud9l57a-fmqdk9,2026-09-22T22:47:23.542Z,"Intent approved: price 0.51 ATR from origin, regime stable",TREND,BULLISH,BULLISH,38.649068817618186,0.9586078065087026,NORMAL,0.06851661527919767,2.220518266533135,GOOD
2026-09-22T22:50:18.099Z,TON/USD,BUY,PULLBACK_CONTINUATION,,APPROVED,true,,,,,,,,,,,,,,,,BUY_ALLOWED,"Intent approved: price 0.64 ATR from origin, regime stable",PULLBACK_CONTINUATION,intent-TON/USD-mud9l57a-fmqdk9,2026-09-22T22:47:23.542Z,"Intent approved: price 0.64 ATR from origin, regime stable",TREND,BULLISH,BULLISH,38.649068817618186,0.9586078065087026,NORMAL,0.06851661527919767,2.192167636688203,GOOD
2026-09-23T01:05:49.516Z,XRP/USD,BUY,PULLBACK_CONTINUATION,,EXECUTED,true,,,,,,,,,,true,,50,1432.8600849530153,1.5347771428571428,0.05549285714285727,BUY_EXECUTED,"Intent approved: price 0.47 ATR from origin, regime stable",PULLBACK_CONTINUATION,intent-XRP/USD-mudej652-ho2m5h,2026-09-23T01:05:49.526Z,"Intent approved: price 0.47 ATR from origin, regime stable",TREND,BULLISH,BULLISH,37.476227325672255,1.7497684693028173,NORMAL,0.027665300168506574,0.9584884391129451,GOOD
2026-09-23T01:06:49.504Z,XRP/USD,BUY,PULLBACK_CONTINUATION,,EXECUTED,true,,,,,,,,,,true,,50,1432.8600849530153,1.5347771428571428,0.05549285714285727,BUY_EXECUTED,"Intent approved: price 0.47 ATR from origin, regime stable",PULLBACK_CONTINUATION,intent-XRP/USD-mudekgfw-be9whr,2026-09-23T01:06:49.532Z,"Intent approved: price 0.47 ATR from origin, regime stable",TREND,BULLISH,BULLISH,37.476227325672255,1.7497684693028173,NORMAL,0.027665300168506574,0.9584884391129451,GOOD
2026-09-23T01:07:26.961Z,BTC/USD,BUY,PULLBACK_CONTINUATION,,CHASED,false,,,,,,,,,,,,,,,,BUY_BLOCKED,"Chase: precio movió 1.24 ATR, actualizando origen",PULLBACK_CONTINUATION,intent-BTC/USD-mudelaw5-j03gh9,2026-09-23T01:07:28.997Z,"Chase: precio movió 1.24 ATR, actualizando origen",TREND,BULLISH,BULLISH,34.116079661700724,0.5342718764102858,LOW,0.00011536094421297104,0.64734145162326,GOOD
2026-09-23T01:08:17.470Z,BTC/USD,BUY,PULLBACK_CONTINUATION,,CHASED,false,,,,,,,,,,,,,,,,BUY_BLOCKED,"Chase: precio movió 1.13 ATR, actualizando origen",PULLBACK_CONTINUATION,intent-BTC/USD-mudelaw5-j03gh9,2026-09-23T01:07:28.997Z,"Chase: precio movió 1.13 ATR, actualizando origen",TREND,BULLISH,BULLISH,34.116079661700724,0.5342718764102858,LOW,0.00011539222684014053,0.64734145162326,GOOD
2026-09-23T01:09:17.479Z,BTC/USD,BUY,PULLBACK_CONTINUATION,,CHASED,false,,,,,,,,,,,,,,,,BUY_BLOCKED,"Chase: precio movió 1.23 ATR, actualizando origen",PULLBACK_CONTINUATION,intent-BTC/USD-mudelaw5-j03gh9,2026-09-23T01:07:28.997Z,"Chase: precio movió 1.23 ATR, actualizando origen",TREND,BULLISH,BULLISH,34.116079661700724,0.5342718764102858,LOW,0.00011536320664240668,0.64734145162326,GOOD
2026-09-23T01:10:15.940Z,XRP/USD,BUY,PULLBACK_CONTINUATION,,APPROVED,true,,,,,,,,,,false,MAX_LOTS_REACHED,0,0,0,0,BUY_ALLOWED,MAX_LOTS_REACHED,PULLBACK_CONTINUATION,intent-XRP/USD-mudeovsv-c1g11w,2026-09-23T01:10:16.063Z,"Intent approved: price 0.72 ATR from origin, regime stable",TREND,BULLISH,BULLISH,37.476227325672255,1.7497684693028173,NORMAL,0.004395231801386664,0.7769919930698033,GOOD
2026-09-23T01:10:17.488Z,BTC/USD,BUY,PULLBACK_CONTINUATION,,CHASED,false,,,,,,,,,,,,,,,,BUY_BLOCKED,"Chase: precio movió 0.80 ATR, actualizando origen",PULLBACK_CONTINUATION,intent-BTC/USD-mudelaw5-j03gh9,2026-09-23T01:07:28.997Z,"Chase: precio movió 0.80 ATR, actualizando origen",TREND,BULLISH,BULLISH,34.116079661700724,0.5342718764102858,LOW,0.00011547297440630304,0.7420254774558496,GOOD
2026-09-23T01:15:25.686Z,TON/USD,BUY,PULLBACK_CONTINUATION,,APPROVED,true,,,,,,,,,,,,,,,,BUY_ALLOWED,"Intent approved: price 0.00 ATR from origin, regime stable",PULLBACK_CONTINUATION,intent-TON/USD-mudevj2b-ojbnlo,2026-09-23T01:15:26.147Z,"Intent approved: price 0.00 ATR from origin, regime stable",TREND,BULLISH,BULLISH,44.27376845890242,1.0518590998043058,NORMAL,0.06823609689525008,2.742618292018898,GOOD
2026-09-23T01:16:25.692Z,TON/USD,BUY,PULLBACK_CONTINUATION,,APPROVED,true,,,,,,,,,,,,,,,,BUY_ALLOWED,"Intent approved: price 0.00 ATR from origin, regime stable",PULLBACK_CONTINUATION,intent-TON/USD-mudevj2b-ojbnlo,2026-09-23T01:15:26.147Z,"Intent approved: price 0.00 ATR from origin, regime stable",TREND,BULLISH,BULLISH,44.27376845890242,1.0518590998043058,NORMAL,0.06823609689525008,2.742618292018898,GOOD
2026-09-23T01:17:25.776Z,TON/USD,BUY,PULLBACK_CONTINUATION,,APPROVED,true,,,,,,,,,,,,,,,,BUY_ALLOWED,"Intent approved: price 0.00 ATR from origin, regime stable",PULLBACK_CONTINUATION,intent-TON/USD-mudevj2b-ojbnlo,2026-09-23T01:15:26.147Z,"Intent approved: price 0.00 ATR from origin, regime stable",TREND,BULLISH,BULLISH,44.27376845890242,1.0518590998043058,NORMAL,0.13651877133105816,2.742618292018898,GOOD
2026-09-23T01:18:02.820Z,TON/USD,BUY,PULLBACK_CONTINUATION,,APPROVED,true,,,,,,,,,,,,,,,,BUY_ALLOWED,"Intent approved: price 0.00 ATR from origin, regime stable",PULLBACK_CONTINUATION,intent-TON/USD-mudeyxuw-ha61mv,2026-09-23T01:18:05.288Z,"Intent approved: price 0.00 ATR from origin, regime stable",TREND,BULLISH,BULLISH,44.27376845890242,1.0518590998043058,NORMAL,0.06823609689525008,2.7453295092148693,GOOD
2026-09-23T01:19:00.830Z,TON/USD,BUY,PULLBACK_CONTINUATION,,APPROVED,true,,,,,,,,,,,,,,,,BUY_ALLOWED,"Intent approved: price 0.00 ATR from origin, regime stable",PULLBACK_CONTINUATION,intent-TON/USD-mudeyxuw-ha61mv,2026-09-23T01:18:05.288Z,"Intent approved: price 0.00 ATR from origin, regime stable",TREND,BULLISH,BULLISH,44.27376845890242,1.0518590998043058,NORMAL,0.06823609689525008,2.7453295092148693,GOOD
2026-09-23T01:20:00.838Z,TON/USD,BUY,PULLBACK_CONTINUATION,,APPROVED,true,,,,,,,,,,,,,,,,BUY_ALLOWED,"Intent approved: price 0.00 ATR from origin, regime stable",PULLBACK_CONTINUATION,intent-TON/USD-mudeyxuw-ha61mv,2026-09-23T01:18:05.288Z,"Intent approved: price 0.00 ATR from origin, regime stable",TREND,BULLISH,BULLISH,44.27376845890242,1.0518590998043058,NORMAL,0.06823609689525008,2.6765441100061658,GOOD
2026-09-23T01:21:00.844Z,TON/USD,BUY,PULLBACK_CONTINUATION,,APPROVED,true,,,,,,,,,,,,,,,,BUY_ALLOWED,"Intent approved: price 0.00 ATR from origin, regime stable",PULLBACK_CONTINUATION,intent-TON/USD-mudeyxuw-ha61mv,2026-09-23T01:18:05.288Z,"Intent approved: price 0.00 ATR from origin, regime stable",TREND,BULLISH,BULLISH,44.27376845890242,1.0518590998043058,NORMAL,0.06818956699625721,2.6765441100061658,GOOD
2026-09-23T02:35:33.177Z,XRP/USD,BUY,PULLBACK_CONTINUATION,,APPROVED,true,,,,,,,,,,false,MAX_LOTS_REACHED,0,0,0,0,BUY_ALLOWED,MAX_LOTS_REACHED,PULLBACK_CONTINUATION,intent-XRP/USD-mudhqkca-i3oht5,2026-09-23T02:35:33.370Z,"Intent approved: price 0.02 ATR from origin, regime stable",TREND,BULLISH,BULLISH,37.53023365190747,1.7543267330565766,NORMAL,0.008184568311237947,0.7188508038527429,GOOD
2026-09-23T03:00:20.402Z,XRP/USD,BUY,PULLBACK_CONTINUATION,,APPROVED,true,,,,,,,,,,,,,,,,BUY_ALLOWED,"Intent approved: price 0.07 ATR from origin, regime stable",PULLBACK_CONTINUATION,intent-XRP/USD-mudimftx-sfspa5,2026-09-23T03:00:20.517Z,"Intent approved: price 0.07 ATR from origin, regime stable",TREND,BULLISH,BULLISH,37.43530701367409,1.7641361415597763,NORMAL,0.020652429007271624,0.7172348294597997,GOOD
2026-09-23T03:00:55.072Z,XRP/USD,BUY,PULLBACK_CONTINUATION,,APPROVED,true,,,,,,,,,,,,,,,,BUY_ALLOWED,"Intent approved: price 0.09 ATR from origin, regime stable",PULLBACK_CONTINUATION,intent-XRP/USD-mudin6i3-jkim30,2026-09-23T03:00:55.083Z,"Intent approved: price 0.09 ATR from origin, regime stable",TREND,BULLISH,BULLISH,37.43530701367409,1.7746897722002675,NORMAL,0.006259898464446217,0.808479833904565,GOOD
2026-09-23T03:01:52.999Z,XRP/USD,BUY,PULLBACK_CONTINUATION,,APPROVED,true,,,,,,,,,,,,,,,,BUY_ALLOWED,"Intent approved: price 0.29 ATR from origin, regime stable",PULLBACK_CONTINUATION,intent-XRP/USD-mudin6i3-jkim30,2026-09-23T03:00:55.083Z,"Intent approved: price 0.29 ATR from origin, regime stable",TREND,BULLISH,BULLISH,37.43530701367409,1.7746897722002675,NORMAL,0.009401353168105251,0.808479833904565,GOOD
2026-09-23T03:02:53.011Z,XRP/USD,BUY,PULLBACK_CONTINUATION,,APPROVED,true,,,,,,,,,,,,,,,,BUY_ALLOWED,"Intent approved: price 0.66 ATR from origin, regime stable",PULLBACK_CONTINUATION,intent-XRP/USD-mudin6i3-jkim30,2026-09-23T03:00:55.083Z,"Intent approved: price 0.66 ATR from origin, regime stable",TREND,BULLISH,BULLISH,37.43530701367409,1.7746897722002675,NORMAL,0.0006283676579068111,0.808479833904565,GOOD
2026-09-23T03:03:53.068Z,XRP/USD,BUY,PULLBACK_CONTINUATION,,APPROVED,true,,,,,,,,,,,,,,,,BUY_ALLOWED,"Intent approved: price 0.72 ATR from origin, regime stable",PULLBACK_CONTINUATION,intent-XRP/USD-mudin6i3-jkim30,2026-09-23T03:00:55.083Z,"Intent approved: price 0.72 ATR from origin, regime stable",TREND,BULLISH,BULLISH,37.43530701367409,1.7746897722002675,NORMAL,0.0006286046548215871,0.808479833904565,GOOD
2026-09-23T03:04:27.614Z,XRP/USD,BUY,PULLBACK_CONTINUATION,,CHASED,false,,,,,,,,,,,,,,,,BUY_BLOCKED,"Chase: precio movió 0.80 ATR, actualizando origen",PULLBACK_CONTINUATION,intent-XRP/USD-mudirqi0-d2pzyx,2026-09-23T03:04:27.624Z,"Chase: precio movió 0.80 ATR, actualizando origen",TREND,BULLISH,BULLISH,37.43530701367409,1.7746897722002675,NORMAL,0.0044025849463051,0.808479833904565,GOOD
2026-09-23T03:05:25.544Z,XRP/USD,BUY,PULLBACK_CONTINUATION,,APPROVED,true,,,,,,,,,,,,,,,,BUY_ALLOWED,"Intent approved: price 0.75 ATR from origin, regime stable",PULLBACK_CONTINUATION,intent-XRP/USD-mudirqi0-d2pzyx,2026-09-23T03:04:27.624Z,"Intent approved: price 0.75 ATR from origin, regime stable",TREND,BULLISH,BULLISH,37.43530701367409,1.7746897722002675,NORMAL,0.0006288853321970746,0.8596829937404337,GOOD
2026-09-23T03:06:25.560Z,XRP/USD,BUY,PULLBACK_CONTINUATION,,CHASED,false,,,,,,,,,,,,,,,,BUY_BLOCKED,"Chase: precio movió 0.79 ATR, actualizando origen",PULLBACK_CONTINUATION,intent-XRP/USD-mudirqi0-d2pzyx,2026-09-23T03:04:27.624Z,"Chase: precio movió 0.79 ATR, actualizando origen",TREND,BULLISH,BULLISH,37.43530701367409,1.7746897722002675,NORMAL,0.0006288892871755933,0.8596829937404337,GOOD
2026-09-23T03:07:25.585Z,XRP/USD,BUY,PULLBACK_CONTINUATION,,CHASED,false,,,,,,,,,,,,,,,,BUY_BLOCKED,"Chase: precio movió 1.02 ATR, actualizando origen",PULLBACK_CONTINUATION,intent-XRP/USD-mudirqi0-d2pzyx,2026-09-23T03:04:27.624Z,"Chase: precio movió 1.02 ATR, actualizando origen",TREND,BULLISH,BULLISH,37.43530701367409,1.7746897722002675,NORMAL,0.002519637424177181,0.8596829937404337,GOOD
2026-09-23T03:35:33.591Z,XRP/USD,BUY,PULLBACK_CONTINUATION,,APPROVED,true,,,,,,,,,,false,MAX_LOTS_REACHED,0,0,0,0,BUY_ALLOWED,MAX_LOTS_REACHED,PULLBACK_CONTINUATION,intent-XRP/USD-mudjvqdb-dv0u21,2026-09-23T03:35:33.695Z,"Intent approved: price 0.29 ATR from origin, regime stable",TREND,BULLISH,BULLISH,37.43530701367409,1.7746897722002675,NORMAL,0.006856209700293539,2.850366954745671,GOOD
2026-09-23T03:40:44.374Z,XRP/USD,BUY,PULLBACK_CONTINUATION,,INVALIDATED,false,,,,,,,,,,,,,,,,BUY_BLOCKED,Precio movió 1.55 ATR desde origen (max 1.5),PULLBACK_CONTINUATION,intent-XRP/USD-mudk2e5r-mucgp3,2026-09-23T03:40:44.463Z,Precio movió 1.55 ATR desde origen (max 1.5),TREND,BULLISH,BULLISH,37.43530701367409,1.7746897722002675,NORMAL,0.009884963734535466,2.939043146988117,GOOD
2026-09-23T03:40:45.928Z,BTC/USD,BUY,PULLBACK_CONTINUATION,,CHASED,false,,,,,,,,,,,,,,,,BUY_BLOCKED,"Chase: precio movió 1.26 ATR, actualizando origen",PULLBACK_CONTINUATION,intent-BTC/USD-mudk2fog-yomc9x,2026-09-23T03:40:46.432Z,"Chase: precio movió 1.26 ATR, actualizando origen",TREND,BULLISH,BULLISH,34.454043072383755,0.5577626961851019,LOW,0.005291559157895834,2.3027094993013413,GOOD
2026-09-23T03:41:44.374Z,XRP/USD,BUY,PULLBACK_CONTINUATION,,CHASED,false,,,,,,,,,,,,,,,,BUY_BLOCKED,"Chase: precio movió 1.49 ATR, actualizando origen",PULLBACK_CONTINUATION,intent-XRP/USD-mudk3og0-jcbcon,2026-09-23T03:41:44.448Z,"Chase: precio movió 1.49 ATR, actualizando origen",TREND,BULLISH,BULLISH,37.43530701367409,1.7746897722002675,NORMAL,0.03337969401947056,2.939043146988117,GOOD
2026-09-23T03:41:45.924Z,BTC/USD,BUY,PULLBACK_CONTINUATION,,CHASED,false,,,,,,,,,,,,,,,,BUY_BLOCKED,"Chase: precio movió 0.83 ATR, actualizando origen",PULLBACK_CONTINUATION,intent-BTC/USD-mudk2fog-yomc9x,2026-09-23T03:40:46.432Z,"Chase: precio movió 0.83 ATR, actualizando origen",TREND,BULLISH,BULLISH,34.454043072383755,0.5577626961851019,LOW,0.00011515530132494325,2.3027094993013413,GOOD
2026-09-23T03:42:44.416Z,XRP/USD,BUY,PULLBACK_CONTINUATION,,CHASED,false,,,,,,,,,,,,,,,,BUY_BLOCKED,"Chase: precio movió 1.47 ATR, actualizando origen",PULLBACK_CONTINUATION,intent-XRP/USD-mudk3og0-jcbcon,2026-09-23T03:41:44.448Z,"Chase: precio movió 1.47 ATR, actualizando origen",TREND,BULLISH,BULLISH,37.43530701367409,1.7746897722002675,NORMAL,0.027209201657287484,2.939043146988117,GOOD
2026-09-23T03:42:46.073Z,BTC/USD,BUY,PULLBACK_CONTINUATION,,CHASED,false,,,,,,,,,,,,,,,,BUY_BLOCKED,"Chase: precio movió 1.04 ATR, actualizando origen",PULLBACK_CONTINUATION,intent-BTC/USD-mudk2fog-yomc9x,2026-09-23T03:40:46.432Z,"Chase: precio movió 1.04 ATR, actualizando origen",TREND,BULLISH,BULLISH,34.454043072383755,0.5577626961851019,LOW,0.00920758382641863,2.3027094993013413,GOOD
2026-09-23T03:43:18.392Z,XRP/USD,BUY,PULLBACK_CONTINUATION,,INVALIDATED,false,,,,,,,,,,,,,,,,BUY_BLOCKED,Precio movió 1.70 ATR desde origen (max 1.5),PULLBACK_CONTINUATION,intent-XRP/USD-mudk5oxw-um7cmu,2026-09-23T03:43:18.404Z,Precio movió 1.70 ATR desde origen (max 1.5),TREND,BULLISH,BULLISH,37.43530701367409,1.7746897722002675,NORMAL,0.022841127610909506,2.9403358533098163,GOOD
2026-09-23T03:43:27.386Z,BTC/USD,BUY,PULLBACK_CONTINUATION,,CHASED,false,,,,,,,,,,,,,,,,BUY_BLOCKED,"Chase: precio movió 0.94 ATR, actualizando origen",PULLBACK_CONTINUATION,intent-BTC/USD-mudk5xg7-dj4vhc,2026-09-23T03:43:29.431Z,"Chase: precio movió 0.94 ATR, actualizando origen",TREND,BULLISH,BULLISH,34.454043072383755,0.5577626961851019,LOW,0.00011511606288245884,2.3041831686465293,GOOD
2026-09-23T03:44:16.325Z,XRP/USD,BUY,PULLBACK_CONTINUATION,,CHASED,false,,,,,,,,,,,,,,,,BUY_BLOCKED,"Chase: precio movió 1.26 ATR, actualizando origen",PULLBACK_CONTINUATION,intent-XRP/USD-mudk6xpf-bveet2,2026-09-23T03:44:16.419Z,"Chase: precio movió 1.26 ATR, actualizando origen",TREND,BULLISH,BULLISH,37.43530701367409,1.7746897722002675,NORMAL,0.011762848590478565,2.9403358533098163,GOOD
2026-09-23T03:44:17.881Z,BTC/USD,BUY,,,EXECUTED,true,,,,,,,,,,true,,50,4495.741894431578,85837.1142857143,965.3857142857056,BUY_EXECUTED,"Intent approved: price 0.61 ATR from origin, regime stable",PULLBACK_CONTINUATION,intent-BTC/USD-mudk5xg7-dj4vhc,2026-09-23T03:43:29.431Z,"Intent approved: price 0.61 ATR from origin, regime stable",TREND,BULLISH,BULLISH,34.454043072383755,0.5577626961851019,LOW,0.00011520412154935808,2.3041831686465293,GOOD
2026-09-23T04:25:09.789Z,BTC/USD,BUY,PULLBACK_CONTINUATION,,INVALIDATED,false,,,,,,,,,,,,,,,,BUY_BLOCKED,Precio movió 1.56 ATR desde origen (max 1.5),PULLBACK_CONTINUATION,intent-BTC/USD-mudlniqt-3oq5ca,2026-09-23T04:25:09.797Z,Precio movió 1.56 ATR desde origen (max 1.5),TREND,BULLISH,BULLISH,35.244388386706554,0.5311686963570973,LOW,0.00011473830772615506,0.9015538752761456,GOOD
2026-09-23T04:26:09.815Z,BTC/USD,BUY,PULLBACK_CONTINUATION,,INVALIDATED,false,,,,,,,,,,,,,,,,BUY_BLOCKED,Precio movió 1.55 ATR desde origen (max 1.5),PULLBACK_CONTINUATION,intent-BTC/USD-mudlot23-gyxme1,2026-09-23T04:26:09.819Z,Precio movió 1.55 ATR desde origen (max 1.5),TREND,BULLISH,BULLISH,35.244388386706554,0.5311686963570973,LOW,0.00011473317366967834,0.9015538752761456,GOOD
2026-09-23T04:27:06.776Z,BTC/USD,BUY,PULLBACK_CONTINUATION,,CHASED,false,,,,,,,,,,,,,,,,BUY_BLOCKED,"Chase: precio movió 1.47 ATR, actualizando origen",PULLBACK_CONTINUATION,intent-BTC/USD-mudlq10l-drxi9c,2026-09-23T04:27:06.789Z,"Chase: precio movió 1.47 ATR, actualizando origen",TREND,BULLISH,BULLISH,35.244388386706554,0.5311686963570973,LOW,0.00011476951697672861,1.315426235305131,GOOD
2026-09-23T04:27:55.745Z,BTC/USD,BUY,PULLBACK_CONTINUATION,,INVALIDATED,false,,,,,,,,,,,,,,,,BUY_BLOCKED,Precio movió 1.73 ATR desde origen (max 1.5),PULLBACK_CONTINUATION,intent-BTC/USD-mudlr2sp-ees7kn,2026-09-23T04:27:55.753Z,Precio movió 1.73 ATR desde origen (max 1.5),TREND,BULLISH,BULLISH,35.244388386706554,0.5311686963570973,LOW,0.00011465871545693371,1.315426235305131,GOOD
2026-09-23T04:28:55.741Z,BTC/USD,BUY,PULLBACK_CONTINUATION,,CHASED,false,,,,,,,,,,,,,,,,BUY_BLOCKED,"Chase: precio movió 1.30 ATR, actualizando origen",PULLBACK_CONTINUATION,intent-BTC/USD-mudlsd39-eghnre,2026-09-23T04:28:55.749Z,"Chase: precio movió 1.30 ATR, actualizando origen",TREND,BULLISH,BULLISH,35.244388386706554,0.5311686963570973,LOW,0.0001148095739770562,1.315426235305131,GOOD
2026-09-23T04:29:55.752Z,BTC/USD,BUY,PULLBACK_CONTINUATION,,CHASED,false,,,,,,,,,,,,,,,,BUY_BLOCKED,"Chase: precio movió 1.01 ATR, actualizando origen",PULLBACK_CONTINUATION,intent-BTC/USD-mudlsd39-eghnre,2026-09-23T04:28:55.749Z,"Chase: precio movió 1.01 ATR, actualizando origen",TREND,BULLISH,BULLISH,35.244388386706554,0.5311686963570973,LOW,0.00011488963989085572,1.315426235305131,GOOD
2026-09-23T04:35:21.950Z,BTC/USD,BUY,PULLBACK_CONTINUATION,,CHASED,false,,,,,,,,,,,,,,,,BUY_BLOCKED,"Chase: precio movió 0.83 ATR, actualizando origen",PULLBACK_CONTINUATION,intent-BTC/USD-mudm0n3a-gttuco,2026-09-23T04:35:21.958Z,"Chase: precio movió 0.83 ATR, actualizando origen",TREND,BULLISH,BULLISH,35.244388386706554,0.5311686963570973,LOW,0.00011465569181383454,1.8660011001561334,GOOD
2026-09-23T04:36:21.943Z,BTC/USD,BUY,PULLBACK_CONTINUATION,,CHASED,false,,,,,,,,,,,,,,,,BUY_BLOCKED,"Chase: precio movió 1.01 ATR, actualizando origen",PULLBACK_CONTINUATION,intent-BTC/USD-mudm0n3a-gttuco,2026-09-23T04:35:21.958Z,"Chase: precio movió 1.01 ATR, actualizando origen",TREND,BULLISH,BULLISH,35.244388386706554,0.5311686963570973,LOW,0.0001146001115125791,1.8660011001561334,GOOD
2026-09-23T04:37:21.986Z,BTC/USD,BUY,PULLBACK_CONTINUATION,,CHASED,false,,,,,,,,,,,,,,,,BUY_BLOCKED,"Chase: precio movió 0.86 ATR, actualizando origen",PULLBACK_CONTINUATION,intent-BTC/USD-mudm0n3a-gttuco,2026-09-23T04:35:21.958Z,"Chase: precio movió 0.86 ATR, actualizando origen",TREND,BULLISH,BULLISH,35.244388386706554,0.5311686963570973,LOW,0.00011464189025133382,1.8660011001561334,GOOD
2026-09-23T04:38:10.928Z,BTC/USD,BUY,PULLBACK_CONTINUATION,,EXECUTED,true,,,,,,,,,,true,,50,4733.33281632911,86272.34285714287,921.0571428571337,BUY_EXECUTED,"Intent approved: price 0.73 ATR from origin, regime stable",PULLBACK_CONTINUATION,intent-BTC/USD-mudm49h2-a0x4f9,2026-09-23T04:38:10.934Z,"Intent approved: price 0.73 ATR from origin, regime stable",TREND,BULLISH,BULLISH,35.244388386706554,0.5311686963570973,LOW,0.00011468764532073701,1.8960013495338823,GOOD
2026-09-23T04:38:59.913Z,BTC/USD,BUY,PULLBACK_CONTINUATION,,APPROVED,true,,,,,,,,,,false,MAX_LOTS_REACHED,0,0,0,0,BUY_ALLOWED,MAX_LOTS_REACHED,PULLBACK_CONTINUATION,intent-BTC/USD-mudm5b9r-5nf2jd,2026-09-23T04:38:59.919Z,"Intent approved: price 0.48 ATR from origin, regime stable",TREND,BULLISH,BULLISH,35.244388386706554,0.5311686963570973,LOW,0.00011476385329486536,1.8960013495338823,GOOD
2026-09-23T04:39:59.929Z,BTC/USD,BUY,PULLBACK_CONTINUATION,,APPROVED,true,,,,,,,,,,false,MAX_LOTS_REACHED,0,0,0,0,BUY_ALLOWED,MAX_LOTS_REACHED,PULLBACK_CONTINUATION,intent-BTC/USD-mudm5b9r-5nf2jd,2026-09-23T04:38:59.919Z,"Intent approved: price 0.42 ATR from origin, regime stable",TREND,BULLISH,BULLISH,35.244388386706554,0.5311686963570973,LOW,0.00011478387631557619,1.8960013495338823,GOOD
2026-09-23T04:40:59.952Z,BTC/USD,BUY,PULLBACK_CONTINUATION,,APPROVED,true,,,,,,,,,,false,MAX_LOTS_REACHED,0,0,0,0,BUY_ALLOWED,MAX_LOTS_REACHED,PULLBACK_CONTINUATION,intent-BTC/USD-mudm5b9r-5nf2jd,2026-09-23T04:38:59.919Z,"Intent approved: price 0.29 ATR from origin, regime stable",TREND,BULLISH,BULLISH,35.244388386706554,0.5311686963570973,LOW,0.00011482315225816466,1.8719938027443868,GOOD
2026-09-23T04:45:15.584Z,TON/USD,BUY,PULLBACK_CONTINUATION,,APPROVED,true,,,,,,,,,,,,,,,,BUY_ALLOWED,"Intent approved: price 0.00 ATR from origin, regime stable",PULLBACK_CONTINUATION,intent-TON/USD-mudmdfud-hyf368,2026-09-23T04:45:19.093Z,"Intent approved: price 0.00 ATR from origin, regime stable",TREND,BULLISH,BULLISH,48.69393093590754,1.0120669521214467,NORMAL,0.06791171477080556,1.7929867088760305,GOOD
2026-09-23T04:46:11.120Z,TON/USD,BUY,PULLBACK_CONTINUATION,,APPROVED,true,,,,,,,,,,,,,,,,BUY_ALLOWED,"Intent approved: price 0.00 ATR from origin, regime stable",PULLBACK_CONTINUATION,intent-TON/USD-mudmdfud-hyf368,2026-09-23T04:45:19.093Z,"Intent approved: price 0.00 ATR from origin, regime stable",TREND,BULLISH,BULLISH,48.69393093590754,1.0120669521214467,NORMAL,0.06791171477080556,1.7929867088760305,GOOD
2026-09-23T04:47:11.110Z,TON/USD,BUY,PULLBACK_CONTINUATION,,APPROVED,true,,,,,,,,,,,,,,,,BUY_ALLOWED,"Intent approved: price 0.00 ATR from origin, regime stable",PULLBACK_CONTINUATION,intent-TON/USD-mudmdfud-hyf368,2026-09-23T04:45:19.093Z,"Intent approved: price 0.00 ATR from origin, regime stable",TREND,BULLISH,BULLISH,48.69393093590754,1.0120669521214467,NORMAL,0.06791171477080556,1.7929867088760305,GOOD
2026-09-23T04:48:11.157Z,TON/USD,BUY,PULLBACK_CONTINUATION,,APPROVED,true,,,,,,,,,,,,,,,,BUY_ALLOWED,"Intent approved: price 0.00 ATR from origin, regime stable",PULLBACK_CONTINUATION,intent-TON/USD-mudmdfud-hyf368,2026-09-23T04:45:19.093Z,"Intent approved: price 0.00 ATR from origin, regime stable",TREND,BULLISH,BULLISH,48.69393093590754,1.0120669521214467,NORMAL,0.06795786612299626,1.7929867088760305,GOOD
2026-09-23T04:48:54.544Z,TON/USD,BUY,PULLBACK_CONTINUATION,,APPROVED,true,,,,,,,,,,,,,,,,BUY_ALLOWED,"Intent approved: price 0.00 ATR from origin, regime stable",PULLBACK_CONTINUATION,intent-TON/USD-mudmi4sl-8hx7n8,2026-09-23T04:48:58.053Z,"Intent approved: price 0.00 ATR from origin, regime stable",TREND,BULLISH,BULLISH,48.69393093590754,1.0120669521214467,NORMAL,0.13586956521739144,1.7929867088760305,GOOD
2026-09-23T04:49:50.075Z,TON/USD,BUY,PULLBACK_CONTINUATION,,APPROVED,true,,,,,,,,,,,,,,,,BUY_ALLOWED,"Intent approved: price 0.00 ATR from origin, regime stable",PULLBACK_CONTINUATION,intent-TON/USD-mudmi4sl-8hx7n8,2026-09-23T04:48:58.053Z,"Intent approved: price 0.00 ATR from origin, regime stable",TREND,BULLISH,BULLISH,48.69393093590754,1.0120669521214467,NORMAL,0.06795786612299626,1.7929867088760305,GOOD
2026-09-23T04:50:50.012Z,TON/USD,BUY,PULLBACK_CONTINUATION,,APPROVED,true,,,,,,,,,,,,,,,,BUY_ALLOWED,"Intent approved: price 0.00 ATR from origin, regime stable",PULLBACK_CONTINUATION,intent-TON/USD-mudmi4sl-8hx7n8,2026-09-23T04:48:58.053Z,"Intent approved: price 0.00 ATR from origin, regime stable",TREND,BULLISH,BULLISH,48.69393093590754,1.0120669521214467,NORMAL,0.06795786612299626,1.5864803485097427,GOOD
2026-09-23T04:51:50.004Z,TON/USD,BUY,PULLBACK_CONTINUATION,,APPROVED,true,,,,,,,,,,,,,,,,BUY_ALLOWED,"Intent approved: price 0.00 ATR from origin, regime stable",PULLBACK_CONTINUATION,intent-TON/USD-mudmi4sl-8hx7n8,2026-09-23T04:48:58.053Z,"Intent approved: price 0.00 ATR from origin, regime stable",TREND,BULLISH,BULLISH,48.69393093590754,1.0120669521214467,NORMAL,0.06795786612299626,1.5864803485097427,GOOD
2026-09-23T07:12:18.292Z,TON/USD,BUY,PULLBACK_CONTINUATION,,INVALIDATED,false,,,,,,,,,,,,,,,,BUY_BLOCKED,Precio movió 1.95 ATR desde origen (max 1.5),PULLBACK_CONTINUATION,intent-TON/USD-mudrmjgv-oapnn4,2026-09-23T07:12:21.775Z,Precio movió 1.95 ATR desde origen (max 1.5),TREND,BULLISH,BULLISH,53.0158753842883,0.9352587710796648,NORMAL,0.06837606837607603,1.1048093719806553,GOOD
2026-09-23T07:13:16.317Z,TON/USD,BUY,PULLBACK_CONTINUATION,,INVALIDATED,false,,,,,,,,,,,,,,,,BUY_BLOCKED,Precio movió 2.12 ATR desde origen (max 1.5),PULLBACK_CONTINUATION,intent-TON/USD-mudrnpws-79zbjg,2026-09-23T07:13:16.780Z,Precio movió 2.12 ATR desde origen (max 1.5),TREND,BULLISH,BULLISH,53.0158753842883,0.9352587710796648,NORMAL,0.06837606837607603,1.1048093719806553,GOOD
2026-09-23T07:14:16.329Z,TON/USD,BUY,PULLBACK_CONTINUATION,,INVALIDATED,false,,,,,,,,,,,,,,,,BUY_BLOCKED,Precio movió 2.12 ATR desde origen (max 1.5),PULLBACK_CONTINUATION,intent-TON/USD-mudrp07v-vv39qa,2026-09-23T07:14:16.795Z,Precio movió 2.12 ATR desde origen (max 1.5),TREND,BULLISH,BULLISH,53.0158753842883,0.9352587710796648,NORMAL,0.06842285323297227,1.1048093719806553,GOOD